Lead_ID,Opp_ID,Account_ID,Order_ID,Quote_ID,Product_ID,Product_ID,Revenue,Organisation,Email ID,Created On
LE-649-64477,OP-623-96308,ACC-194-38176,OR-561-92227,QU-201-26688,A-4r4833h7,A-4r4833h7,5809,Lang-Frami,mnern0@qq.com,5809
LE-624-41567,OP-399-11979,ACC-269-25387,OR-034-44574,QU-383-43776,SP-7g2488r5,SP-7g2488r5,2394,Mohr and Sons,fpannaman1@twitter.com,2394
LE-545-64581,OP-519-82920,ACC-385-92281,OR-822-98693,QU-163-76252,SP-9o2014z5,SP-9o2014z5,7054,"Hodkiewicz, King and Herman",enorres2@hostgator.com,7054
LE-732-31829,OP-741-18581,ACC-525-64429,OR-805-86401,QU-593-15300,SP-1j3802q0,SP-1j3802q0,4893,Gorczany-Paucek,cwillwood3@npr.org,4893
LE-105-96425,OP-601-86491,ACC-087-41107,OR-501-60955,QU-751-48273,A-9o2147a8,A-9o2147a8,1655,"Leannon, Wolff and Considine",lnewland4@sphinn.com,1655
LE-329-84674,OP-880-37727,ACC-245-73916,OR-050-57590,QU-323-53431,A-9i3568y3,A-9i3568y3,5009,Glover-Ferry,benrrico5@barnesandnoble.com,5009
LE-902-37367,OP-536-98285,ACC-796-10653,OR-251-97436,QU-181-81986,A-4r4833h7,A-4r4833h7,5952,Wilderman LLC,kbillingsly6@diigo.com,5952
LE-424-04805,OP-494-77902,ACC-498-13602,OR-050-80482,QU-615-43047,SP-1j3802q0,SP-1j3802q0,4775,Greenfelder-Roob,ddannohl7@ed.gov,4775
LE-145-52952,OP-620-00251,ACC-379-28055,OR-131-14571,QU-476-30114,A-4r4833h7,A-4r4833h7,4935,Gutmann and Sons,cholton8@pcworld.com,4935
LE-472-97423,OP-185-36300,ACC-235-38769,OR-240-27414,QU-406-07167,A-4r4833h7,A-4r4833h7,5985,Larkin and Sons,kpursglove9@about.me,5985
LE-111-93864,OP-909-71106,ACC-795-26820,OR-724-79215,QU-429-44805,SP-1j3802q0,SP-1j3802q0,7108,Cartwright-Nicolas,ameadsa@google.it,7108
LE-975-14844,OP-057-58881,ACC-157-17191,OR-321-73740,QU-786-83947,A-9o2147a8,A-9o2147a8,5380,Sawayn-Johnson,nderrickb@reference.com,5380
LE-919-49056,OP-299-31822,ACC-204-52309,OR-219-22446,QU-489-11476,A-9o2147a8,A-9o2147a8,5485,Conroy Inc,rrothermelc@reddit.com,5485
LE-005-78221,OP-655-64511,ACC-606-61843,OR-054-50089,QU-958-61340,SP-4o9597q4,SP-4o9597q4,8056,Greenholt Inc,rbernadzkid@dell.com,8056
LE-013-51538,OP-512-43854,ACC-565-50415,OR-555-16520,QU-340-49879,SP-7g2488r5,SP-7g2488r5,7275,"Kirlin, Morar and D'Amore",csweatlande@miibeian.gov.cn,7275
LE-067-43561,OP-099-36134,ACC-336-27562,OR-418-99600,QU-547-68851,SP-7g2488r5,SP-7g2488r5,7470,Ratke-Sporer,yleslyf@cbslocal.com,7470
LE-901-85325,OP-694-63575,ACC-423-39999,OR-343-80660,QU-336-88182,A-9o2147a8,A-9o2147a8,3880,"Carter, Glover and Russel",olinting@barnesandnoble.com,3880
LE-609-90176,OP-426-08942,ACC-177-06725,OR-006-83302,QU-085-90993,A-0u7085f0,A-0u7085f0,8158,"Hauck, Muller and Hickle",ebullickh@springer.com,8158
LE-160-94957,OP-701-60440,ACC-990-33123,OR-657-29055,QU-219-46132,A-9o2147a8,A-9o2147a8,8017,Hartmann-Schiller,pdovermanni@un.org,8017
LE-866-93731,OP-106-57458,ACC-710-43093,OR-691-66327,QU-083-86668,SP-6x5102j8,SP-6x5102j8,10625,"Gorczany, Kilback and Weissnat",bbelleej@ucsd.edu,10625
LE-527-68484,OP-573-65066,ACC-493-89285,OR-843-55934,QU-835-34204,A-5q8351o1,A-5q8351o1,7024,"Nicolas, Cormier and Larson",kgoulbornk@pcworld.com,7024
LE-520-31489,OP-190-88624,ACC-925-39884,OR-462-10976,QU-391-52211,A-0u7085f0,A-0u7085f0,6811,"Daniel, Legros and Kuhic",cfairlambl@theguardian.com,6811
LE-546-37664,OP-203-25228,ACC-072-68130,OR-673-65404,QU-180-99125,SP-4o9597q4,SP-4o9597q4,3468,"Fahey, Beier and Walker",amalserm@privacy.gov.au,3468
LE-989-94065,OP-167-28753,ACC-276-12920,OR-967-34653,QU-827-43379,A-4r4833h7,A-4r4833h7,4434,Doyle-Deckow,rbaiken@aol.com,4434
LE-999-57359,OP-396-33882,ACC-014-25018,OR-531-36058,QU-259-49184,SP-4o9597q4,SP-4o9597q4,6129,Kiehn-Jaskolski,yatleyo@ucla.edu,6129
LE-420-65831,OP-550-02479,ACC-095-74673,OR-566-30642,QU-591-32222,A-4r4833h7,A-4r4833h7,6762,Aufderhar Group,ecarbryp@dot.gov,6762
LE-510-97463,OP-326-78886,ACC-285-44564,OR-028-14990,QU-970-77797,SP-9o2014z5,SP-9o2014z5,5332,Stokes LLC,ncanonq@rediff.com,5332
LE-343-39852,OP-134-15669,ACC-268-09793,OR-651-54851,QU-690-11163,SP-4o9597q4,SP-4o9597q4,10300,Medhurst-Swaniawski,jmullineuxr@amazon.co.jp,10300
LE-002-93531,OP-855-54733,ACC-619-62495,OR-741-16671,QU-877-74283,A-1s3102u0,A-1s3102u0,3498,Kris LLC,oconichies@tripadvisor.com,3498
LE-495-57510,OP-477-96962,ACC-898-09050,OR-453-98423,QU-087-71177,A-4r4833h7,A-4r4833h7,8696,"Mante, Mueller and Kohler",jstellet@auda.org.au,8696
LE-411-89917,OP-919-88418,ACC-983-90962,OR-395-30908,QU-186-74152,SP-7g2488r5,SP-7g2488r5,8400,Ziemann-Roberts,amenelawsu@ifeng.com,8400
LE-209-71476,OP-545-39039,ACC-000-01940,OR-574-68638,QU-851-15580,SP-7g2488r5,SP-7g2488r5,5389,O'Connell Group,mpolinov@moonfruit.com,5389
LE-869-87060,OP-462-95865,ACC-205-30391,OR-501-01767,QU-532-36308,SP-6x5102j8,SP-6x5102j8,6960,"Halvorson, Schamberger and Fahey",klaniganw@indiatimes.com,6960
LE-276-19277,OP-723-18152,ACC-288-32037,OR-067-07032,QU-822-15238,A-9o2147a8,A-9o2147a8,6875,Roob-Konopelski,kkearsx@army.mil,6875
LE-061-34019,OP-461-75446,ACC-110-58737,OR-985-19740,QU-175-13187,A-1s3102u0,A-1s3102u0,7546,Mueller and Sons,mlammerichy@jiathis.com,7546
LE-610-79245,OP-020-49837,ACC-217-35544,OR-616-41362,QU-737-13837,A-1s3102u0,A-1s3102u0,5776,Brown Inc,atoffaloz@mapquest.com,5776
LE-756-35800,OP-243-03808,ACC-207-44926,OR-335-61525,QU-228-94777,A-9i3568y3,A-9i3568y3,6665,"Labadie, Greenholt and Fisher",btearle10@netscape.com,6665
LE-622-31682,OP-042-93196,ACC-408-41387,OR-657-44725,QU-494-88635,SP-4o9597q4,SP-4o9597q4,4332,Predovic Inc,jsheraton11@wikimedia.org,4332
LE-032-10156,OP-883-25182,ACC-561-17626,OR-633-80739,QU-849-36219,A-4r4833h7,A-4r4833h7,8451,Hickle Group,flewsley12@microsoft.com,8451
LE-182-72801,OP-439-09460,ACC-618-69401,OR-620-87022,QU-175-04061,SP-9o2014z5,SP-9o2014z5,8233,"Jacobi, Lueilwitz and Aufderhar",rphillput13@macromedia.com,8233
LE-975-60308,OP-758-77201,ACC-399-46985,OR-782-36870,QU-662-41144,S-3h9809u2,S-3h9809u2,6288,"Cronin, Kirlin and Leannon",atapson14@cornell.edu,6288
LE-782-28828,OP-284-99124,ACC-487-99588,OR-457-75657,QU-537-30846,A-1s3102u0,A-1s3102u0,9306,Blanda-Gutmann,dcleghorn15@buzzfeed.com,9306
LE-762-25161,OP-396-63011,ACC-225-96413,OR-702-71640,QU-962-34772,SP-7g2488r5,SP-7g2488r5,4859,Toy-Lind,mkinglake16@state.gov,4859
LE-765-12438,OP-896-43831,ACC-586-66147,OR-686-60849,QU-498-23146,A-5q8351o1,A-5q8351o1,7820,Kling and Sons,gleverette17@shutterfly.com,7820
LE-627-26290,OP-839-50282,ACC-450-33332,OR-774-20798,QU-259-95729,SP-4o9597q4,SP-4o9597q4,2975,"Schumm, Mohr and King",cdunbavin18@oakley.com,2975
LE-321-82256,OP-593-86573,ACC-344-77680,OR-440-05544,QU-402-87043,A-9i3568y3,A-9i3568y3,4267,Mitchell-Stehr,zmatuska19@umich.edu,4267
LE-469-62489,OP-328-16893,ACC-857-26939,OR-208-26024,QU-781-95797,A-0u7085f0,A-0u7085f0,5409,"Bednar, Schulist and Lesch",froger1a@oaic.gov.au,5409
LE-618-87751,OP-378-21142,ACC-032-59496,OR-643-73657,QU-997-68700,A-4r4833h7,A-4r4833h7,1381,Howe-O'Kon,ihaigh1b@skype.com,1381
LE-227-40045,OP-817-75325,ACC-252-15220,OR-442-12716,QU-530-20825,SP-7g2488r5,SP-7g2488r5,7130,Fadel Group,ashere1c@quantcast.com,7130
LE-703-24127,OP-620-06155,ACC-134-08700,OR-397-80689,QU-500-37346,A-5q8351o1,A-5q8351o1,6927,"Ankunding, Block and White",lbulfoot1d@narod.ru,6927
LE-700-21462,OP-654-85094,ACC-949-27413,OR-683-33942,QU-070-29913,SP-9o2014z5,SP-9o2014z5,4062,"Osinski, Reinger and Denesik",jcuesta1e@usgs.gov,4062
LE-440-18406,OP-901-54326,ACC-396-11419,OR-730-85453,QU-558-60542,SP-9o2014z5,SP-9o2014z5,5926,Nolan Group,jmellmoth1f@businesswire.com,5926
LE-733-46845,OP-505-04151,ACC-040-72318,OR-938-50038,QU-651-50083,SP-9o2014z5,SP-9o2014z5,7494,Jaskolski Inc,udeandreis1g@hibu.com,7494
LE-437-49570,OP-374-10068,ACC-130-29266,OR-031-97319,QU-815-34593,SP-6x5102j8,SP-6x5102j8,3921,Erdman Group,bwessel1h@indiatimes.com,3921
LE-505-01603,OP-117-07444,ACC-648-39466,OR-731-81593,QU-721-53228,A-9o2147a8,A-9o2147a8,5402,"Koepp, Kirlin and Koepp",lweymont1i@typepad.com,5402
LE-845-62947,OP-154-17690,ACC-335-80182,OR-836-07779,QU-205-91167,SP-7g2488r5,SP-7g2488r5,6824,Cruickshank-Langosh,swalsh1j@technorati.com,6824
LE-796-49566,OP-192-31147,ACC-397-40815,OR-615-56533,QU-133-54570,SP-1j3802q0,SP-1j3802q0,4102,"O'Conner, DuBuque and Robel",cbambrick1k@marriott.com,4102
LE-141-78854,OP-575-35504,ACC-850-30115,OR-682-37977,QU-306-21952,S-3h9809u2,S-3h9809u2,3028,"Rolfson, Wisoky and Rolfson",tox1l@google.it,3028
LE-261-39177,OP-930-75109,ACC-262-26034,OR-723-66923,QU-974-09343,A-9o2147a8,A-9o2147a8,8012,"Aufderhar, Dickinson and Block",vmeechan1m@patch.com,8012
LE-077-89702,OP-847-04456,ACC-582-81002,OR-408-04889,QU-577-51535,A-4r4833h7,A-4r4833h7,8617,"Schmeler, Swift and Koelpin",hfinlater1n@infoseek.co.jp,8617
LE-059-66978,OP-651-32408,ACC-783-34517,OR-307-23724,QU-893-74102,A-9o2147a8,A-9o2147a8,6344,Deckow Group,bmatthias1o@w3.org,6344
LE-698-30431,OP-139-76486,ACC-259-83670,OR-418-30471,QU-402-77203,A-5q8351o1,A-5q8351o1,5814,Graham-Orn,ogrindley1p@illinois.edu,5814
LE-270-05758,OP-743-28865,ACC-158-48589,OR-145-67714,QU-468-25080,SP-9o2014z5,SP-9o2014z5,9080,Hintz LLC,nelcock1q@gmpg.org,9080
LE-101-05684,OP-348-73691,ACC-929-86352,OR-721-94882,QU-855-18657,SP-1j3802q0,SP-1j3802q0,4630,Wiegand Group,jfenelow1r@ameblo.jp,4630
LE-531-83890,OP-510-97894,ACC-954-07476,OR-034-88800,QU-849-12702,SP-7g2488r5,SP-7g2488r5,7711,Farrell-Deckow,gbarca1s@answers.com,7711
LE-880-73510,OP-911-10001,ACC-313-91080,OR-744-58860,QU-596-47171,A-1s3102u0,A-1s3102u0,9508,"Reynolds, Baumbach and Herzog",mstopps1t@cargocollective.com,9508
LE-307-09746,OP-001-57918,ACC-622-59510,OR-002-51579,QU-307-56718,A-1s3102u0,A-1s3102u0,5804,Huels and Sons,bmazdon1u@indiatimes.com,5804
LE-323-93712,OP-379-94243,ACC-385-21878,OR-839-20079,QU-882-92642,A-9i3568y3,A-9i3568y3,4459,"Veum, Prosacco and Crooks",btevlin1v@sciencedaily.com,4459
LE-019-11795,OP-670-66003,ACC-995-62063,OR-436-05434,QU-602-84035,A-4r4833h7,A-4r4833h7,10523,Ritchie-Waters,fsigward1w@si.edu,10523
LE-458-62752,OP-959-34564,ACC-802-43129,OR-763-16098,QU-576-55655,S-3h9809u2,S-3h9809u2,8955,"Collier, Olson and Dare",cvernazza1x@bing.com,8955
LE-489-40432,OP-674-58966,ACC-762-27245,OR-983-37767,QU-532-75679,A-0u7085f0,A-0u7085f0,2916,"Williamson, Frami and Homenick",emacvey1y@go.com,2916
LE-072-44875,OP-897-26993,ACC-638-24511,OR-497-73983,QU-606-64772,A-1s3102u0,A-1s3102u0,8034,Mohr-Collier,agiabucci1z@vk.com,8034
LE-395-63919,OP-935-50029,ACC-541-90094,OR-429-33672,QU-820-56244,A-1s3102u0,A-1s3102u0,4841,Ortiz and Sons,gtoope20@cnbc.com,4841
LE-316-10153,OP-507-28202,ACC-283-42290,OR-822-23785,QU-211-60657,SP-9o2014z5,SP-9o2014z5,10589,"Predovic, Marvin and Lynch",ldoutch21@live.com,10589
LE-498-77966,OP-048-81726,ACC-881-50175,OR-287-32694,QU-442-71688,SP-9o2014z5,SP-9o2014z5,4956,Olson and Sons,cwhyley22@si.edu,4956
LE-023-24871,OP-329-65834,ACC-566-59463,OR-406-08338,QU-477-71729,A-9i3568y3,A-9i3568y3,8514,"Waters, Satterfield and King",aruston23@skyrock.com,8514
LE-507-80618,OP-278-10695,ACC-110-91664,OR-904-18604,QU-737-16591,A-9i3568y3,A-9i3568y3,9228,"Walker, Heller and Labadie",rcovolini24@hostgator.com,9228
LE-416-68931,OP-115-19232,ACC-929-66434,OR-292-73121,QU-485-20479,SP-4o9597q4,SP-4o9597q4,4820,"Hoeger, Monahan and Krajcik",jfabbri25@studiopress.com,4820
LE-046-04617,OP-623-53363,ACC-599-82710,OR-729-66633,QU-454-71721,A-4r4833h7,A-4r4833h7,6709,Abernathy Inc,ltriebner26@globo.com,6709
LE-912-88663,OP-327-65902,ACC-073-45297,OR-937-60536,QU-628-02150,A-1s3102u0,A-1s3102u0,5195,Homenick-Brekke,otoplin27@sourceforge.net,5195
LE-262-94269,OP-534-54458,ACC-726-85251,OR-800-30193,QU-610-26349,SP-7g2488r5,SP-7g2488r5,8405,Adams-Johnston,mpilipyak28@independent.co.uk,8405
LE-334-20468,OP-220-82559,ACC-422-96537,OR-333-90221,QU-949-64938,A-9i3568y3,A-9i3568y3,6637,"Welch, Lynch and Schulist",ecollomosse29@bloomberg.com,6637
LE-210-03699,OP-697-75052,ACC-059-92323,OR-977-49604,QU-818-20411,SP-6x5102j8,SP-6x5102j8,3109,Ryan LLC,egare2a@independent.co.uk,3109
LE-257-39950,OP-382-22607,ACC-730-80684,OR-947-36401,QU-433-91607,A-4r4833h7,A-4r4833h7,9021,"Gottlieb, Schulist and Hettinger",vbrackley2b@bandcamp.com,9021
LE-602-89807,OP-359-71019,ACC-437-63992,OR-916-27919,QU-207-79403,A-9o2147a8,A-9o2147a8,4898,"Heidenreich, Stoltenberg and Larson",wkordas2c@cocolog-nifty.com,4898
LE-616-98694,OP-678-44721,ACC-734-08822,OR-425-07794,QU-201-31020,SP-6x5102j8,SP-6x5102j8,7906,"Kuvalis, Dickinson and Upton",lpetheridge2d@zdnet.com,7906
LE-371-86885,OP-635-63723,ACC-915-06138,OR-496-49005,QU-512-65129,SP-9o2014z5,SP-9o2014z5,7551,"Stokes, Quitzon and Brakus",mgosnall2e@surveymonkey.com,7551
LE-057-33509,OP-072-47649,ACC-253-84537,OR-047-07734,QU-355-50147,SP-6x5102j8,SP-6x5102j8,9235,McCullough-Harris,riamittii2f@sourceforge.net,9235
LE-778-35078,OP-558-12413,ACC-535-97085,OR-247-82880,QU-185-47562,A-0u7085f0,A-0u7085f0,4913,"Hauck, Hermann and Hilll",tnorgan2g@com.com,4913
LE-246-86695,OP-223-53002,ACC-459-89758,OR-330-76672,QU-591-83027,SP-4o9597q4,SP-4o9597q4,9489,"O'Hara, Osinski and Heathcote",bbudgett2h@opera.com,9489
LE-869-61807,OP-443-58428,ACC-748-67215,OR-027-65722,QU-813-56736,A-0u7085f0,A-0u7085f0,9760,"Dietrich, Dach and Hoeger",dstores2i@yahoo.com,9760
LE-580-40184,OP-463-93410,ACC-320-11785,OR-835-04819,QU-299-24311,SP-9o2014z5,SP-9o2014z5,1723,Balistreri and Sons,clightollers2j@theglobeandmail.com,1723
LE-753-33736,OP-396-97782,ACC-865-88053,OR-688-54924,QU-037-09012,SP-6x5102j8,SP-6x5102j8,8966,"Goldner, Torp and White",ataks2k@ft.com,8966
LE-785-56609,OP-971-04178,ACC-901-94624,OR-865-91790,QU-139-86062,SP-4o9597q4,SP-4o9597q4,5061,Kiehn and Sons,lroutham2l@google.fr,5061
LE-837-84795,OP-732-87014,ACC-732-33017,OR-012-92954,QU-253-35257,A-0u7085f0,A-0u7085f0,8872,Kautzer Group,bgeorgievski2m@tuttocitta.it,8872
LE-955-75144,OP-317-04297,ACC-830-21587,OR-783-02897,QU-174-93958,SP-4o9597q4,SP-4o9597q4,2935,"Erdman, Lowe and Lind",zdouthwaite2n@creativecommons.org,2935
LE-950-27056,OP-458-36175,ACC-347-84228,OR-878-38448,QU-703-56441,A-5q8351o1,A-5q8351o1,1673,Osinski-Beahan,jhemms2o@ucoz.com,1673
LE-775-68902,OP-252-49451,ACC-663-96683,OR-625-01874,QU-695-19439,A-9i3568y3,A-9i3568y3,4193,Nienow Inc,abonhan2p@etsy.com,4193
LE-999-17064,OP-554-06289,ACC-169-57690,OR-017-99469,QU-404-45575,S-3h9809u2,S-3h9809u2,8563,"Lemke, Hettinger and Quitzon",nfosken2q@tmall.com,8563
LE-642-08029,OP-417-58721,ACC-203-17691,OR-084-70437,QU-202-93975,SP-9o2014z5,SP-9o2014z5,6609,Baumbach Inc,ccardenas2r@lulu.com,6609
LE-755-17619,OP-899-50702,ACC-019-68789,OR-942-81704,QU-503-09161,A-0u7085f0,A-0u7085f0,4385,White-Kertzmann,zdaniell2s@google.com.au,4385
LE-658-24004,OP-515-16359,ACC-048-32172,OR-578-65333,QU-986-69676,S-3h9809u2,S-3h9809u2,9816,"Upton, Wiegand and Greenholt",gjerdon2t@redcross.org,9816
LE-139-07913,OP-614-97367,ACC-874-77409,OR-950-07153,QU-118-78626,A-5q8351o1,A-5q8351o1,6003,Romaguera-Rau,wgillean2u@amazon.co.jp,6003
LE-664-39706,OP-790-74880,ACC-939-71398,OR-101-81667,QU-872-53507,A-5q8351o1,A-5q8351o1,2124,Klocko-Hettinger,rchong2v@dot.gov,2124
LE-198-70744,OP-253-72217,ACC-269-96885,OR-596-60382,QU-594-08174,A-5q8351o1,A-5q8351o1,8708,Haley-Spinka,ewiffield2w@lycos.com,8708
LE-448-76136,OP-418-89810,ACC-652-23820,OR-749-09175,QU-830-23489,SP-6x5102j8,SP-6x5102j8,7209,"Kessler, Kuphal and Weissnat",afevers2x@amazon.co.jp,7209
LE-224-55239,OP-445-98234,ACC-090-78685,OR-560-00848,QU-600-05778,SP-6x5102j8,SP-6x5102j8,6137,Yundt and Sons,ldodsworth2y@walmart.com,6137
LE-728-28871,OP-310-75002,ACC-927-43585,OR-866-83825,QU-756-72930,S-3h9809u2,S-3h9809u2,6673,Jakubowski-Bahringer,zbienvenu2z@redcross.org,6673
LE-011-75962,OP-719-02886,ACC-608-47637,OR-359-20717,QU-042-89972,A-4r4833h7,A-4r4833h7,6944,McDermott and Sons,rpatershall30@toplist.cz,6944
LE-594-24178,OP-082-91743,ACC-387-41236,OR-336-76491,QU-182-45762,SP-6x5102j8,SP-6x5102j8,2383,Swaniawski and Sons,brushbrook31@amazon.de,2383
LE-574-07920,OP-432-86029,ACC-206-62171,OR-526-38843,QU-989-59347,A-9i3568y3,A-9i3568y3,6755,Conn Inc,crodgier32@tinypic.com,6755
LE-890-17847,OP-583-22762,ACC-683-99436,OR-983-39763,QU-097-59886,SP-6x5102j8,SP-6x5102j8,3495,"Krajcik, Hodkiewicz and Roberts",ubiddlestone33@samsung.com,3495
LE-976-03759,OP-240-42826,ACC-641-95570,OR-309-48851,QU-053-00219,SP-4o9597q4,SP-4o9597q4,6354,"Luettgen, Prosacco and Witting",aswafford34@live.com,6354
LE-288-43954,OP-271-90256,ACC-465-51527,OR-810-97998,QU-698-13569,A-9i3568y3,A-9i3568y3,6214,"Mante, Welch and Prohaska",mblanckley35@pen.io,6214
LE-676-91388,OP-626-30135,ACC-761-93772,OR-017-09962,QU-696-63673,A-0u7085f0,A-0u7085f0,8411,Little and Sons,kgwilt36@goo.gl,8411
LE-978-85880,OP-109-71615,ACC-430-85660,OR-748-87604,QU-491-06956,SP-7g2488r5,SP-7g2488r5,7788,Buckridge Inc,maglione37@hubpages.com,7788
LE-997-37260,OP-565-41694,ACC-641-10820,OR-199-60470,QU-608-96795,A-0u7085f0,A-0u7085f0,3641,Braun-Swift,nmound38@163.com,3641
LE-469-78382,OP-864-54079,ACC-447-75830,OR-684-22564,QU-826-47660,SP-6x5102j8,SP-6x5102j8,5577,Gutmann-Mante,edulinty39@google.cn,5577
LE-930-35387,OP-259-02957,ACC-515-28144,OR-922-48086,QU-210-53947,S-3h9809u2,S-3h9809u2,5081,"Nitzsche, Fay and Orn",rtidey3a@pen.io,5081
LE-025-51682,OP-357-89120,ACC-287-43168,OR-357-40081,QU-473-86158,SP-6x5102j8,SP-6x5102j8,6100,Ebert-Kertzmann,memslie3b@weebly.com,6100
LE-695-40110,OP-472-40667,ACC-202-04858,OR-546-76078,QU-431-47081,A-1s3102u0,A-1s3102u0,5206,Veum and Sons,chugueville3c@livejournal.com,5206
LE-287-37447,OP-963-09004,ACC-748-58745,OR-321-59619,QU-353-22345,SP-6x5102j8,SP-6x5102j8,2626,Cruickshank Group,lbowich3d@msu.edu,2626
LE-741-09299,OP-535-20386,ACC-300-48091,OR-650-31051,QU-119-21462,SP-9o2014z5,SP-9o2014z5,2225,"Conn, Kuhlman and Hahn",vmocker3e@prweb.com,2225
LE-505-13769,OP-656-34832,ACC-590-88541,OR-488-27847,QU-184-06297,A-1s3102u0,A-1s3102u0,3858,Crist Group,rhulles3f@apache.org,3858
LE-318-76753,OP-750-12523,ACC-962-24215,OR-371-18669,QU-519-22941,A-0u7085f0,A-0u7085f0,3393,Witting Inc,fivashinnikov3g@last.fm,3393
LE-296-20046,OP-669-50828,ACC-817-90552,OR-097-22526,QU-556-16917,SP-9o2014z5,SP-9o2014z5,7878,Daniel-Ondricka,mdobsons3h@addthis.com,7878
LE-488-75781,OP-274-59561,ACC-395-32362,OR-693-54863,QU-336-96776,SP-9o2014z5,SP-9o2014z5,5817,"Walter, Hahn and Welch",scoronas3i@craigslist.org,5817
LE-542-03260,OP-266-94379,ACC-623-43403,OR-315-71398,QU-094-21593,A-9o2147a8,A-9o2147a8,6097,"Boehm, Rath and Hickle",ipodd3j@homestead.com,6097
LE-097-51152,OP-841-67751,ACC-551-67466,OR-149-22520,QU-228-64432,SP-1j3802q0,SP-1j3802q0,4560,Koch LLC,pgodber3k@adobe.com,4560
LE-827-60643,OP-657-13129,ACC-741-72249,OR-968-46532,QU-406-66991,A-9i3568y3,A-9i3568y3,8508,Watsica-Denesik,sfedder3l@de.vu,8508
LE-755-31893,OP-924-62668,ACC-470-34572,OR-399-82372,QU-808-89854,A-4r4833h7,A-4r4833h7,4139,"Crooks, Jaskolski and Weissnat",edarinton3m@wikipedia.org,4139
LE-430-07047,OP-187-07254,ACC-462-64286,OR-195-67976,QU-655-86076,A-1s3102u0,A-1s3102u0,7862,Lueilwitz LLC,jlimpertz3n@uiuc.edu,7862
LE-938-03414,OP-416-24460,ACC-187-26211,OR-463-57683,QU-898-92414,SP-4o9597q4,SP-4o9597q4,5924,Reichert Inc,dmaureen3o@noaa.gov,5924
LE-155-31961,OP-880-91448,ACC-056-30313,OR-510-77030,QU-887-88621,A-0u7085f0,A-0u7085f0,9105,Koch Group,mgaythwaite3p@ovh.net,9105
LE-462-30414,OP-729-08511,ACC-518-81535,OR-711-07599,QU-357-91290,SP-6x5102j8,SP-6x5102j8,5516,Abshire-Gottlieb,pvodden3q@guardian.co.uk,5516
LE-097-98028,OP-810-99529,ACC-211-85358,OR-566-38600,QU-759-70658,A-9o2147a8,A-9o2147a8,6814,Larson-Smitham,sbruhnke3r@opera.com,6814
LE-075-69474,OP-327-30161,ACC-792-99733,OR-687-98371,QU-725-56942,A-9i3568y3,A-9i3568y3,7541,Dibbert Group,ssunner3s@reddit.com,7541
LE-534-91395,OP-497-83667,ACC-246-86261,OR-146-56157,QU-457-12858,A-5q8351o1,A-5q8351o1,4664,"Schiller, Schuppe and Sporer",wrubin3t@friendfeed.com,4664
LE-435-29339,OP-426-72589,ACC-427-39613,OR-121-80853,QU-992-83086,SP-7g2488r5,SP-7g2488r5,7476,"Dare, Schimmel and Block",sklimpke3u@youtu.be,7476
LE-580-82225,OP-790-64778,ACC-589-41647,OR-262-02190,QU-524-18814,SP-9o2014z5,SP-9o2014z5,6545,Bergnaum-Anderson,mcoulthard3v@bigcartel.com,6545
LE-912-44783,OP-594-90722,ACC-602-59866,OR-998-20285,QU-596-47497,S-3h9809u2,S-3h9809u2,9149,"Berge, Bernhard and Hills",khatfull3w@miibeian.gov.cn,9149
LE-359-38815,OP-107-59911,ACC-988-30747,OR-604-86236,QU-843-07568,SP-4o9597q4,SP-4o9597q4,4880,Bahringer-Reinger,cgaiford3x@gizmodo.com,4880
LE-189-20706,OP-826-09910,ACC-748-93296,OR-669-87566,QU-187-37049,S-3h9809u2,S-3h9809u2,4488,Schoen-Jacobi,lgoodricke3y@youtu.be,4488
LE-067-67260,OP-637-36048,ACC-974-73889,OR-525-47468,QU-617-01099,A-5q8351o1,A-5q8351o1,5027,Beatty-Kihn,ndohms3z@theatlantic.com,5027
LE-742-26048,OP-997-10606,ACC-842-29908,OR-790-28794,QU-617-98946,A-9i3568y3,A-9i3568y3,7345,Bogan and Sons,tmerritt40@jugem.jp,7345
LE-315-18053,OP-665-40054,ACC-085-84033,OR-595-46709,QU-059-28465,A-9i3568y3,A-9i3568y3,5771,"Goodwin, Heathcote and Johns",lbelli41@stumbleupon.com,5771
LE-845-29468,OP-666-53802,ACC-543-06454,OR-395-29119,QU-031-30602,A-9i3568y3,A-9i3568y3,4800,"Weimann, Fahey and Rice",nandrzejowski42@mail.ru,4800
LE-088-05893,OP-806-26742,ACC-438-41538,OR-682-97956,QU-916-79255,A-1s3102u0,A-1s3102u0,5469,Spinka Group,bcharlewood43@wikia.com,5469
LE-659-92278,OP-876-46119,ACC-106-00388,OR-438-82238,QU-371-01949,A-9i3568y3,A-9i3568y3,4977,Gutkowski-Cormier,jlanglands44@google.fr,4977
LE-303-14149,OP-643-12020,ACC-977-70754,OR-172-39435,QU-618-87030,SP-4o9597q4,SP-4o9597q4,4898,"Christiansen, Predovic and Johns",rdadge45@ezinearticles.com,4898
LE-574-38456,OP-921-40715,ACC-358-04101,OR-075-92653,QU-565-40680,A-1s3102u0,A-1s3102u0,11090,Rau-Reichel,wwhellans46@comsenz.com,11090
LE-938-30785,OP-764-72599,ACC-461-41002,OR-089-68697,QU-651-38563,SP-7g2488r5,SP-7g2488r5,6717,Kautzer-Kuvalis,lgreenhouse47@opensource.org,6717
LE-633-43866,OP-316-17055,ACC-984-23395,OR-158-27918,QU-982-61661,A-0u7085f0,A-0u7085f0,6666,"Adams, Morissette and Graham",bbiggerstaff48@livejournal.com,6666
LE-728-75459,OP-096-02950,ACC-789-63569,OR-862-26376,QU-213-59799,A-9i3568y3,A-9i3568y3,4634,"Rath, Wuckert and Herman",ceglese49@gmpg.org,4634
LE-475-63639,OP-917-88601,ACC-237-84401,OR-280-98376,QU-389-84533,S-3h9809u2,S-3h9809u2,6478,"Witting, Rolfson and Zemlak",mmulkerrins4a@youku.com,6478
LE-171-70189,OP-863-95599,ACC-531-53751,OR-429-94117,QU-949-10882,A-0u7085f0,A-0u7085f0,6267,Pollich-Toy,gmeace4b@cocolog-nifty.com,6267
LE-057-07100,OP-872-02491,ACC-509-54259,OR-137-00749,QU-650-21197,A-5q8351o1,A-5q8351o1,5272,Tromp Inc,gblakiston4c@creativecommons.org,5272
LE-327-11184,OP-888-08374,ACC-726-72661,OR-954-85820,QU-899-33875,S-3h9809u2,S-3h9809u2,5561,Sawayn-Sporer,jvitte4d@usnews.com,5561
LE-289-96584,OP-171-98288,ACC-580-92849,OR-490-76713,QU-417-26317,A-9i3568y3,A-9i3568y3,4786,Schimmel LLC,pguilliatt4e@wordpress.com,4786
LE-834-04990,OP-030-89826,ACC-256-27942,OR-184-72302,QU-624-17106,SP-9o2014z5,SP-9o2014z5,4862,Nicolas LLC,pbucklan4f@furl.net,4862
LE-526-94045,OP-007-07662,ACC-547-80568,OR-547-00225,QU-835-69886,S-3h9809u2,S-3h9809u2,4510,Hoeger-Swift,ccurrin4g@ow.ly,4510
LE-010-22559,OP-779-67528,ACC-768-73770,OR-610-76645,QU-106-91616,A-5q8351o1,A-5q8351o1,8119,Wehner Group,mcummings4h@dmoz.org,8119
LE-275-26346,OP-653-72845,ACC-532-15273,OR-191-63796,QU-334-66525,A-9i3568y3,A-9i3568y3,7691,Reinger-Kreiger,dpauletti4i@angelfire.com,7691
LE-855-43795,OP-558-12427,ACC-490-05233,OR-964-49134,QU-704-64876,S-3h9809u2,S-3h9809u2,6310,Keeling-Kshlerin,ckinnerley4j@odnoklassniki.ru,6310
LE-491-23436,OP-678-37207,ACC-912-94870,OR-760-61826,QU-441-22909,A-5q8351o1,A-5q8351o1,7160,"Gorczany, Crooks and Kilback",awentworth4k@friendfeed.com,7160
LE-674-81231,OP-202-11971,ACC-405-61058,OR-898-66007,QU-884-35360,SP-1j3802q0,SP-1j3802q0,3714,"Pacocha, Zulauf and Stroman",awaliszewski4l@webnode.com,3714
LE-282-04060,OP-942-16600,ACC-976-03008,OR-229-76273,QU-016-30481,A-0u7085f0,A-0u7085f0,9289,Pfannerstill Group,hheinzler4m@earthlink.net,9289
LE-069-70680,OP-292-67190,ACC-173-31696,OR-057-64132,QU-876-59762,A-9o2147a8,A-9o2147a8,4040,Robel and Sons,tgarbert4n@about.com,4040
LE-295-87741,OP-342-75617,ACC-779-95665,OR-948-42076,QU-603-97337,A-0u7085f0,A-0u7085f0,6650,Kuphal-Hirthe,nbuss4o@toplist.cz,6650
LE-624-80821,OP-967-53485,ACC-666-20349,OR-556-32296,QU-276-17191,SP-4o9597q4,SP-4o9597q4,2813,Boyer-Carter,mfrizzell4p@nydailynews.com,2813
LE-164-35096,OP-460-93407,ACC-630-10391,OR-539-56315,QU-998-85726,SP-4o9597q4,SP-4o9597q4,8321,Schulist-Wiza,lscorton4q@delicious.com,8321
LE-080-87900,OP-585-43224,ACC-431-98414,OR-214-80344,QU-982-27773,SP-7g2488r5,SP-7g2488r5,7476,Borer Inc,bsnoddin4r@infoseek.co.jp,7476
LE-087-87900,OP-085-64061,ACC-998-76350,OR-326-27301,QU-816-14185,A-5q8351o1,A-5q8351o1,6402,Jones Inc,rcolisbe4s@jugem.jp,6402
LE-177-41806,OP-186-92296,ACC-242-02509,OR-898-43315,QU-926-49100,A-4r4833h7,A-4r4833h7,7950,"Wuckert, Bayer and Parker",aorridge4t@buzzfeed.com,7950
LE-208-20902,OP-705-60693,ACC-839-55856,OR-076-60128,QU-028-01688,SP-1j3802q0,SP-1j3802q0,6303,Predovic-Hansen,dwistance4u@baidu.com,6303
LE-094-22472,OP-649-49561,ACC-129-17379,OR-444-06515,QU-402-58843,SP-6x5102j8,SP-6x5102j8,3809,Cronin-Baumbach,fmccory4v@mail.ru,3809
LE-079-62038,OP-367-93552,ACC-592-53471,OR-524-98464,QU-223-03959,A-9i3568y3,A-9i3568y3,9798,Huels Inc,jtofanelli4w@arizona.edu,9798
LE-209-60948,OP-899-14471,ACC-719-55470,OR-064-78071,QU-936-07903,SP-6x5102j8,SP-6x5102j8,5511,Metz-Oberbrunner,rspurgin4x@acquirethisname.com,5511
LE-337-79176,OP-283-34987,ACC-685-68006,OR-365-18573,QU-158-71337,A-4r4833h7,A-4r4833h7,7310,"Bergstrom, Haley and Bogisich",ypoore4y@macromedia.com,7310
LE-122-26649,OP-584-95499,ACC-910-80211,OR-950-64695,QU-221-86497,S-3h9809u2,S-3h9809u2,7350,Brakus-Farrell,ucasale4z@dailymotion.com,7350
LE-395-96075,OP-557-86157,ACC-080-17510,OR-047-62598,QU-476-02354,SP-7g2488r5,SP-7g2488r5,4014,Swaniawski Inc,sgoldie50@twitpic.com,4014
LE-046-35620,OP-216-15305,ACC-801-76479,OR-311-32280,QU-670-08526,A-1s3102u0,A-1s3102u0,4894,Wilderman LLC,ahaire51@chicagotribune.com,4894
LE-679-69617,OP-491-59993,ACC-053-29929,OR-515-71778,QU-389-30509,SP-7g2488r5,SP-7g2488r5,2888,Kuhn and Sons,dtommen52@tmall.com,2888
LE-869-05486,OP-399-91268,ACC-980-39283,OR-459-20850,QU-924-98320,SP-7g2488r5,SP-7g2488r5,4852,Abbott Inc,hthrower53@wunderground.com,4852
LE-015-48265,OP-797-83730,ACC-763-18520,OR-176-57616,QU-484-35478,SP-6x5102j8,SP-6x5102j8,4388,"Pollich, Kshlerin and Mitchell",tgrieve54@apache.org,4388
LE-171-86673,OP-484-56988,ACC-739-02751,OR-368-89728,QU-287-88371,SP-7g2488r5,SP-7g2488r5,7264,Walker and Sons,nmcpeice55@newyorker.com,7264
LE-178-42958,OP-666-96804,ACC-030-49780,OR-627-34431,QU-994-60828,SP-1j3802q0,SP-1j3802q0,6721,"Greenfelder, Murphy and Osinski",abulbrook56@craigslist.org,6721
LE-624-97438,OP-719-91174,ACC-805-22535,OR-906-33577,QU-774-68010,SP-9o2014z5,SP-9o2014z5,4122,Ernser LLC,credolfi57@csmonitor.com,4122
LE-150-39741,OP-800-19504,ACC-025-97986,OR-025-69139,QU-228-84132,SP-4o9597q4,SP-4o9597q4,6498,"Wunsch, Rohan and Macejkovic",nargile58@geocities.jp,6498
LE-531-71972,OP-038-43167,ACC-419-76971,OR-828-21865,QU-841-47913,A-4r4833h7,A-4r4833h7,2451,O'Hara-Reilly,rnavarre59@hubpages.com,2451
LE-349-39779,OP-524-60374,ACC-735-71555,OR-908-62803,QU-333-98471,SP-6x5102j8,SP-6x5102j8,4532,"Hoppe, Baumbach and Bauch",fcrudge5a@parallels.com,4532
LE-687-84617,OP-555-25212,ACC-174-38268,OR-105-28754,QU-480-09199,A-0u7085f0,A-0u7085f0,2104,Swaniawski-O'Keefe,jchivers5b@ted.com,2104
LE-756-96952,OP-247-66913,ACC-790-81914,OR-293-13589,QU-190-41333,A-4r4833h7,A-4r4833h7,6504,Grant and Sons,aestabrook5c@yahoo.co.jp,6504
LE-648-12904,OP-409-28551,ACC-950-56267,OR-555-98014,QU-065-84690,SP-7g2488r5,SP-7g2488r5,8436,Walsh-Schoen,hzielinski5d@altervista.org,8436
LE-139-32344,OP-106-05011,ACC-369-70254,OR-171-13200,QU-077-22157,A-4r4833h7,A-4r4833h7,7233,Walter-Schoen,smacaleese5e@ocn.ne.jp,7233
LE-187-61679,OP-618-76159,ACC-100-38873,OR-337-20608,QU-977-03830,A-0u7085f0,A-0u7085f0,10073,Lang Group,eorme5f@noaa.gov,10073
LE-885-97473,OP-097-17058,ACC-276-24733,OR-292-12217,QU-926-25746,A-9i3568y3,A-9i3568y3,2486,Schoen-Herman,yibert5g@accuweather.com,2486
LE-419-52891,OP-216-69471,ACC-445-50951,OR-701-86178,QU-714-77069,S-3h9809u2,S-3h9809u2,6193,Cruickshank-Kerluke,oinfantino5h@naver.com,6193
LE-328-59845,OP-381-59784,ACC-514-97073,OR-803-74678,QU-589-58557,A-4r4833h7,A-4r4833h7,2816,"Fisher, Stokes and Dooley",krattery5i@ifeng.com,2816
LE-136-46588,OP-738-35542,ACC-315-50753,OR-788-58992,QU-084-44199,SP-6x5102j8,SP-6x5102j8,5334,"Little, Corkery and Erdman",fiacapucci5j@hexun.com,5334
LE-160-75923,OP-409-49714,ACC-274-17426,OR-171-14644,QU-711-38543,A-5q8351o1,A-5q8351o1,4810,Hansen-Rempel,fpetyankin5k@wikipedia.org,4810
LE-200-31274,OP-931-18641,ACC-767-13150,OR-208-59418,QU-771-64232,A-9i3568y3,A-9i3568y3,3737,Bins and Sons,ajoutapaitis5l@stumbleupon.com,3737
LE-396-32079,OP-107-54406,ACC-185-58808,OR-604-73221,QU-591-55487,SP-6x5102j8,SP-6x5102j8,10127,Lynch Group,rprickett5m@deliciousdays.com,10127
LE-430-65196,OP-576-46828,ACC-973-28829,OR-137-17115,QU-252-50225,A-4r4833h7,A-4r4833h7,2353,Weissnat-VonRueden,nboulder5n@seesaa.net,2353
LE-432-49850,OP-428-52390,ACC-137-09958,OR-539-28659,QU-595-95754,A-9i3568y3,A-9i3568y3,3864,Crona-Corkery,lguisby5o@google.co.jp,3864
LE-526-26758,OP-619-35451,ACC-351-82647,OR-436-06825,QU-587-16998,SP-1j3802q0,SP-1j3802q0,6285,Zemlak Inc,jrollinshaw5p@drupal.org,6285
LE-145-06665,OP-591-00905,ACC-473-16979,OR-617-87821,QU-470-54855,A-1s3102u0,A-1s3102u0,8208,"O'Reilly, Aufderhar and Schimmel",bdyet5q@4shared.com,8208
LE-884-21668,OP-942-22281,ACC-973-54321,OR-251-68292,QU-379-22561,A-4r4833h7,A-4r4833h7,9138,Bosco-Kirlin,egisburne5r@nifty.com,9138
LE-311-57575,OP-914-70035,ACC-550-35488,OR-329-97657,QU-172-84754,SP-6x5102j8,SP-6x5102j8,5226,"Weissnat, Kertzmann and Wilkinson",gschapero5s@yelp.com,5226
LE-926-37995,OP-541-91735,ACC-632-14959,OR-178-66717,QU-267-94074,A-4r4833h7,A-4r4833h7,7531,Kilback-Barton,dknellen5t@timesonline.co.uk,7531
LE-345-78910,OP-778-97639,ACC-830-58589,OR-611-82604,QU-697-13175,A-9i3568y3,A-9i3568y3,9086,Sawayn-Ziemann,blawther5u@over-blog.com,9086
LE-998-95043,OP-742-50065,ACC-846-94665,OR-307-94111,QU-032-30089,A-5q8351o1,A-5q8351o1,6445,Hoppe and Sons,rmarshallsay5v@zdnet.com,6445
LE-549-15901,OP-201-20314,ACC-840-73649,OR-357-99360,QU-957-48767,A-5q8351o1,A-5q8351o1,6067,Cummerata and Sons,hchristie5w@github.com,6067
LE-366-49769,OP-581-06058,ACC-618-53479,OR-383-98600,QU-493-86372,SP-4o9597q4,SP-4o9597q4,3623,Walsh-Jenkins,bwoof5x@plala.or.jp,3623
LE-363-89944,OP-724-76542,ACC-340-50521,OR-080-24548,QU-273-02210,A-9o2147a8,A-9o2147a8,8206,"Gerlach, Keeling and Wisoky",dheggadon5y@acquirethisname.com,8206
LE-614-93922,OP-925-98194,ACC-055-42045,OR-676-21126,QU-526-72420,SP-7g2488r5,SP-7g2488r5,9335,Emmerich-Hansen,spirot5z@pagesperso-orange.fr,9335
LE-314-17002,OP-881-10217,ACC-057-19850,OR-187-81442,QU-625-71710,SP-4o9597q4,SP-4o9597q4,5828,Williamson LLC,awinch60@simplemachines.org,5828
LE-143-10279,OP-438-99639,ACC-371-02967,OR-810-63769,QU-886-19715,SP-6x5102j8,SP-6x5102j8,6889,"Turner, Ondricka and Hahn",jlorentz61@ebay.co.uk,6889
LE-617-00946,OP-549-97449,ACC-461-93986,OR-366-72121,QU-412-47240,A-9o2147a8,A-9o2147a8,3039,Nitzsche and Sons,awynch62@facebook.com,3039
LE-285-00164,OP-667-17154,ACC-713-73611,OR-864-92411,QU-616-74478,SP-1j3802q0,SP-1j3802q0,1662,"Hermiston, Abbott and Heller",jtenpenny63@flickr.com,1662
LE-567-58364,OP-055-61550,ACC-090-38105,OR-636-76630,QU-255-74259,A-1s3102u0,A-1s3102u0,5676,Schuppe and Sons,obolderson64@ted.com,5676
LE-101-27039,OP-097-49449,ACC-318-30408,OR-320-85135,QU-485-96261,SP-4o9597q4,SP-4o9597q4,6388,Effertz-Ondricka,lschonfeld65@apple.com,6388
LE-289-94821,OP-146-67856,ACC-903-38222,OR-971-09408,QU-012-64140,A-9i3568y3,A-9i3568y3,3885,"Heidenreich, Gulgowski and Gleichner",mzoellner66@squidoo.com,3885
LE-548-04403,OP-995-55801,ACC-986-59866,OR-027-74436,QU-348-26315,SP-9o2014z5,SP-9o2014z5,5587,Douglas-Rempel,ssperring67@slashdot.org,5587
LE-366-59554,OP-626-00527,ACC-105-44306,OR-912-03762,QU-891-17685,A-4r4833h7,A-4r4833h7,5342,Koepp Group,gmannin68@themeforest.net,5342
LE-483-87549,OP-104-83536,ACC-886-16883,OR-960-20707,QU-656-65015,A-5q8351o1,A-5q8351o1,7713,Renner-Rodriguez,lmoran69@bbb.org,7713
LE-089-27874,OP-866-90910,ACC-124-20409,OR-197-70587,QU-911-23932,A-4r4833h7,A-4r4833h7,8711,"Miller, Gislason and Fisher",lcaulket6a@squidoo.com,8711
LE-599-84090,OP-436-31287,ACC-311-41066,OR-556-16586,QU-446-66562,A-1s3102u0,A-1s3102u0,7381,Reynolds Group,rahmad6b@timesonline.co.uk,7381
LE-058-28594,OP-844-53600,ACC-097-09016,OR-716-79472,QU-172-53292,SP-9o2014z5,SP-9o2014z5,7557,"Sporer, Boyle and Schamberger",cwilliment6c@google.com.au,7557
LE-976-08626,OP-561-95067,ACC-512-22008,OR-594-19678,QU-235-97972,A-4r4833h7,A-4r4833h7,7707,Bruen and Sons,tketteridge6d@npr.org,7707
LE-061-58770,OP-602-29620,ACC-514-11808,OR-344-29959,QU-920-07473,A-9o2147a8,A-9o2147a8,6949,"Mayer, Keebler and Wilderman",cpeakman6e@theguardian.com,6949
LE-640-13969,OP-446-10663,ACC-878-23176,OR-680-99030,QU-297-24922,A-1s3102u0,A-1s3102u0,9884,Bosco-Walker,kgalland6f@ted.com,9884
LE-608-85363,OP-158-11546,ACC-200-25155,OR-269-95321,QU-886-43630,A-5q8351o1,A-5q8351o1,8249,Hermann Group,mricketts6g@google.com.au,8249
LE-896-90441,OP-761-15886,ACC-463-44558,OR-538-75836,QU-115-72642,A-9i3568y3,A-9i3568y3,4109,"Murazik, Waters and Jerde",wlamberts6h@bizjournals.com,4109
LE-473-56229,OP-768-11760,ACC-648-93301,OR-934-75060,QU-602-81115,A-5q8351o1,A-5q8351o1,6969,"McKenzie, Reichert and Hayes",mgirardi6i@pinterest.com,6969
LE-863-74870,OP-012-87086,ACC-806-53067,OR-250-05136,QU-656-05058,A-1s3102u0,A-1s3102u0,4567,Shanahan Group,sgrimoldby6j@moonfruit.com,4567
LE-074-46345,OP-715-00204,ACC-006-01388,OR-499-38920,QU-548-44284,A-9o2147a8,A-9o2147a8,2935,"Nitzsche, Greenholt and Kshlerin",lcattenach6k@weebly.com,2935
LE-963-81649,OP-273-54426,ACC-865-36592,OR-870-03715,QU-050-14422,A-4r4833h7,A-4r4833h7,7837,"Schamberger, Bashirian and Fisher",lbellay6l@foxnews.com,7837
LE-792-36933,OP-956-20662,ACC-865-82845,OR-540-65780,QU-594-88877,SP-9o2014z5,SP-9o2014z5,5408,Klocko LLC,heastman6m@answers.com,5408
LE-809-48316,OP-172-06546,ACC-803-29110,OR-929-71378,QU-862-27900,A-5q8351o1,A-5q8351o1,5399,Vandervort Group,sgreim6n@gov.uk,5399
LE-181-33510,OP-168-56574,ACC-056-99417,OR-009-06448,QU-644-34370,A-5q8351o1,A-5q8351o1,7746,Schinner Group,cmouan6o@redcross.org,7746
LE-780-98810,OP-278-21979,ACC-907-46658,OR-031-22311,QU-155-48107,A-0u7085f0,A-0u7085f0,1658,Olson LLC,gbyass6p@sun.com,1658
LE-941-30818,OP-795-30200,ACC-079-90008,OR-790-64925,QU-771-28129,A-9i3568y3,A-9i3568y3,6519,Brakus Inc,iwellan6q@si.edu,6519
LE-819-70638,OP-896-11272,ACC-358-40569,OR-424-28891,QU-814-56123,A-9i3568y3,A-9i3568y3,7705,"Larkin, Schulist and Bergnaum",cstandeven6r@tumblr.com,7705
LE-278-47881,OP-499-13436,ACC-387-16138,OR-883-03093,QU-861-53127,SP-1j3802q0,SP-1j3802q0,6221,Beahan LLC,nomulderrig6s@chicagotribune.com,6221
LE-941-61428,OP-418-81501,ACC-282-64069,OR-745-50544,QU-058-23805,A-4r4833h7,A-4r4833h7,4208,Gislason Inc,mkienl6t@slate.com,4208
LE-355-91657,OP-652-22268,ACC-870-95215,OR-699-34624,QU-785-26552,S-3h9809u2,S-3h9809u2,3057,Weimann and Sons,gmccathie6u@disqus.com,3057
LE-906-58628,OP-863-28334,ACC-456-27451,OR-259-13726,QU-351-83945,SP-6x5102j8,SP-6x5102j8,9893,Jacobs-Padberg,maylott6v@home.pl,9893
LE-177-11084,OP-349-99881,ACC-199-25416,OR-095-35268,QU-551-54385,S-3h9809u2,S-3h9809u2,8444,Trantow-Stoltenberg,poganian6w@europa.eu,8444
LE-310-39630,OP-626-77945,ACC-378-65806,OR-870-88951,QU-175-33878,A-9o2147a8,A-9o2147a8,2472,Friesen-Witting,acastro6x@reuters.com,2472
LE-460-77872,OP-288-69993,ACC-300-05138,OR-563-12697,QU-371-64467,SP-7g2488r5,SP-7g2488r5,8798,Jacobson-Corwin,sabbotson6y@dell.com,8798
LE-284-38456,OP-750-45426,ACC-794-33055,OR-944-81162,QU-466-58140,SP-7g2488r5,SP-7g2488r5,3986,Lesch-Gaylord,mspuffard6z@dropbox.com,3986
LE-755-68328,OP-800-27286,ACC-908-76391,OR-137-78582,QU-642-21267,SP-9o2014z5,SP-9o2014z5,6306,"Bailey, D'Amore and Lebsack",clovelace70@engadget.com,6306
LE-611-44213,OP-688-12871,ACC-620-85349,OR-892-39105,QU-152-30781,S-3h9809u2,S-3h9809u2,2619,Schmeler LLC,mwheeler71@imageshack.us,2619
LE-970-04614,OP-356-87928,ACC-711-14320,OR-167-46603,QU-364-63269,A-4r4833h7,A-4r4833h7,8505,"DuBuque, Jaskolski and Dickinson",gabrams72@alexa.com,8505
LE-646-66505,OP-192-92511,ACC-875-57263,OR-400-51810,QU-058-67506,SP-1j3802q0,SP-1j3802q0,3539,Schiller-Sanford,kgabbitus73@mac.com,3539
LE-064-19703,OP-139-65491,ACC-818-45346,OR-934-37974,QU-312-59434,S-3h9809u2,S-3h9809u2,3526,Wyman Inc,alambertazzi74@sbwire.com,3526
LE-067-54569,OP-684-04571,ACC-560-88067,OR-215-08053,QU-270-17650,SP-1j3802q0,SP-1j3802q0,5251,Gutmann LLC,skelner75@nps.gov,5251
LE-446-63546,OP-481-16694,ACC-501-68918,OR-846-10712,QU-073-53852,A-0u7085f0,A-0u7085f0,2352,Konopelski Group,osimester76@huffingtonpost.com,2352
LE-808-91467,OP-783-90146,ACC-629-73656,OR-325-09245,QU-201-47083,SP-1j3802q0,SP-1j3802q0,6011,"Herzog, Schultz and Hansen",asabater77@apple.com,6011
LE-518-02465,OP-700-47650,ACC-190-71430,OR-135-90516,QU-180-45709,SP-4o9597q4,SP-4o9597q4,7148,"Yundt, Lesch and Welch",amayze78@geocities.jp,7148
LE-431-14401,OP-127-64366,ACC-101-50225,OR-000-95645,QU-748-91852,A-1s3102u0,A-1s3102u0,1067,Weber Group,wchafney79@comsenz.com,1067
LE-648-36457,OP-819-91521,ACC-772-30656,OR-239-39647,QU-113-59704,A-5q8351o1,A-5q8351o1,7569,Gerhold Group,tcuffe7a@oakley.com,7569
LE-659-05775,OP-225-59725,ACC-043-80632,OR-307-45999,QU-635-80962,A-9o2147a8,A-9o2147a8,9008,Green and Sons,rargue7b@hhs.gov,9008
LE-312-79291,OP-248-37812,ACC-223-41451,OR-849-57787,QU-312-77429,SP-1j3802q0,SP-1j3802q0,5588,"Stamm, Johns and Kerluke",roffiler7c@usnews.com,5588
LE-900-72216,OP-055-62710,ACC-221-32375,OR-672-75400,QU-108-26015,A-9o2147a8,A-9o2147a8,5789,McCullough Group,cbarter7d@nsw.gov.au,5789
LE-935-61228,OP-394-92035,ACC-028-65111,OR-682-83364,QU-237-30234,A-4r4833h7,A-4r4833h7,8670,"Rutherford, Roob and Abshire",bsine7e@microsoft.com,8670
LE-050-54784,OP-884-82089,ACC-979-71957,OR-379-61309,QU-631-01081,S-3h9809u2,S-3h9809u2,7017,"Abbott, Botsford and Rosenbaum",sfirebrace7f@opera.com,7017
LE-204-81005,OP-371-07697,ACC-471-88313,OR-707-14787,QU-867-12406,SP-9o2014z5,SP-9o2014z5,6111,Larkin and Sons,akehoe7g@odnoklassniki.ru,6111
LE-677-35513,OP-192-02720,ACC-931-50572,OR-251-70143,QU-167-08724,A-4r4833h7,A-4r4833h7,6428,Durgan Inc,fnyland7h@wiley.com,6428
LE-039-18034,OP-461-31379,ACC-285-26604,OR-844-39211,QU-231-23091,A-0u7085f0,A-0u7085f0,6976,Murazik-Sauer,gburwin7i@chron.com,6976
LE-573-62156,OP-517-64735,ACC-565-79199,OR-332-26208,QU-030-13224,A-0u7085f0,A-0u7085f0,6073,"Pfeffer, Treutel and Romaguera",jcucuzza7j@ezinearticles.com,6073
LE-400-00938,OP-926-70313,ACC-780-18612,OR-022-29877,QU-084-39580,A-9o2147a8,A-9o2147a8,3797,Hauck Inc,lmcvie7k@independent.co.uk,3797
LE-687-31261,OP-450-92581,ACC-593-48988,OR-421-88331,QU-801-05289,A-9o2147a8,A-9o2147a8,3976,Heaney and Sons,jkinder7l@goodreads.com,3976
LE-321-93618,OP-589-44070,ACC-925-05367,OR-579-53628,QU-274-69984,SP-6x5102j8,SP-6x5102j8,10121,Rohan Group,chutchinges7m@ustream.tv,10121
LE-880-18083,OP-550-10237,ACC-979-86974,OR-634-99877,QU-660-61215,A-9o2147a8,A-9o2147a8,8977,Kling and Sons,bpleuman7n@blogspot.com,8977
LE-689-81895,OP-067-99520,ACC-389-24576,OR-619-65445,QU-383-61122,A-9i3568y3,A-9i3568y3,7897,Zieme-Berge,smackin7o@paypal.com,7897
LE-211-64624,OP-712-45727,ACC-430-77010,OR-919-63744,QU-292-88342,SP-7g2488r5,SP-7g2488r5,2617,"Stamm, Klocko and Towne",drenowden7p@ycombinator.com,2617
LE-131-43701,OP-150-17704,ACC-555-02564,OR-030-72671,QU-898-38638,SP-9o2014z5,SP-9o2014z5,7034,Hirthe-Bergnaum,mflanagan7q@etsy.com,7034
LE-060-66697,OP-345-85087,ACC-832-39705,OR-048-97466,QU-459-16637,SP-6x5102j8,SP-6x5102j8,3523,Waters Group,sflecknoe7r@phoca.cz,3523
LE-201-79039,OP-375-38894,ACC-323-62258,OR-352-56235,QU-875-58942,SP-4o9597q4,SP-4o9597q4,8236,Jenkins-Johnson,rcristofanini7s@phoca.cz,8236
LE-980-15347,OP-432-40082,ACC-351-38134,OR-465-62012,QU-834-79512,A-4r4833h7,A-4r4833h7,5352,"Beahan, Stiedemann and Boyer",jlibbey7t@skyrock.com,5352
LE-138-34900,OP-214-31962,ACC-240-91678,OR-617-27389,QU-793-59159,SP-6x5102j8,SP-6x5102j8,7938,Ryan Group,bantushev7u@about.me,7938
LE-585-12441,OP-449-39933,ACC-610-65893,OR-897-29630,QU-240-21229,A-1s3102u0,A-1s3102u0,3380,"Koss, Ryan and Gerhold",mghilardini7v@google.es,3380
LE-069-34790,OP-574-09697,ACC-360-78486,OR-679-03476,QU-775-01688,A-9i3568y3,A-9i3568y3,7772,Paucek-Berge,mbeecker7w@techcrunch.com,7772
LE-763-87960,OP-220-26104,ACC-964-84695,OR-061-76222,QU-218-67462,A-9o2147a8,A-9o2147a8,4327,Smitham and Sons,kbutting7x@vinaora.com,4327
LE-708-29906,OP-091-85760,ACC-239-62723,OR-063-96443,QU-812-11590,A-9i3568y3,A-9i3568y3,7011,Smith-Johnson,mminichillo7y@europa.eu,7011
LE-290-07273,OP-974-80190,ACC-959-35555,OR-333-94234,QU-084-89756,A-9o2147a8,A-9o2147a8,4627,"Witting, Ondricka and Stark",scadalleder7z@who.int,4627
LE-330-15223,OP-312-45262,ACC-075-98861,OR-770-76451,QU-971-17601,SP-4o9597q4,SP-4o9597q4,2130,Marquardt-Parker,blapping80@army.mil,2130
LE-848-58063,OP-202-87377,ACC-770-27056,OR-848-80459,QU-985-42039,SP-9o2014z5,SP-9o2014z5,5065,Kertzmann-Walter,kibberson81@reddit.com,5065
LE-191-01537,OP-006-06456,ACC-280-98549,OR-705-48444,QU-675-17154,A-0u7085f0,A-0u7085f0,3721,Boehm LLC,umorrallee82@dailymotion.com,3721
LE-009-21016,OP-738-57701,ACC-040-51633,OR-015-52550,QU-907-86417,SP-4o9597q4,SP-4o9597q4,3057,"Williamson, Cruickshank and Hauck",ajillitt83@comsenz.com,3057
LE-790-50714,OP-862-57531,ACC-125-94939,OR-633-68031,QU-161-54705,A-0u7085f0,A-0u7085f0,3151,Howell-Hackett,mbatch84@fda.gov,3151
LE-041-06577,OP-800-08222,ACC-543-19968,OR-450-26214,QU-361-46220,A-4r4833h7,A-4r4833h7,4606,Jast LLC,arevan85@arizona.edu,4606
LE-050-91185,OP-936-56323,ACC-836-41782,OR-644-95666,QU-975-03144,A-4r4833h7,A-4r4833h7,5521,"Goodwin, Stamm and Stiedemann",wbowra86@thetimes.co.uk,5521
LE-272-35866,OP-067-75990,ACC-824-06227,OR-180-53565,QU-588-23011,A-0u7085f0,A-0u7085f0,9270,Heathcote Group,csouza87@bbc.co.uk,9270
LE-365-72909,OP-617-67274,ACC-481-64215,OR-455-71916,QU-897-05484,SP-9o2014z5,SP-9o2014z5,8018,"Treutel, Erdman and Casper",gblacker88@slashdot.org,8018
LE-332-50205,OP-897-16381,ACC-441-25842,OR-705-62551,QU-084-95682,SP-9o2014z5,SP-9o2014z5,9165,Adams Group,mbenwell89@delicious.com,9165
LE-508-91209,OP-855-76542,ACC-740-21087,OR-942-27966,QU-258-65177,A-1s3102u0,A-1s3102u0,5642,Schmitt LLC,cmariot8a@eventbrite.com,5642
LE-177-00788,OP-025-35010,ACC-298-95061,OR-643-75710,QU-719-17332,S-3h9809u2,S-3h9809u2,7865,Lynch-Emard,corr8b@fema.gov,7865
LE-676-55062,OP-312-95388,ACC-283-34848,OR-518-63693,QU-559-91161,SP-9o2014z5,SP-9o2014z5,7830,"Marquardt, Kovacek and McCullough",zjandourek8c@cpanel.net,7830
LE-495-23061,OP-177-46357,ACC-212-18087,OR-096-17972,QU-182-49074,S-3h9809u2,S-3h9809u2,7400,"Jaskolski, Rosenbaum and Stiedemann",acowl8d@phoca.cz,7400
LE-065-55585,OP-216-15004,ACC-820-40064,OR-695-66673,QU-423-13809,SP-6x5102j8,SP-6x5102j8,2458,Schmeler LLC,psummerell8e@state.gov,2458
LE-858-07849,OP-426-92501,ACC-176-81296,OR-114-49396,QU-674-90457,A-5q8351o1,A-5q8351o1,8250,Bashirian-Cummings,lslaght8f@weibo.com,8250
LE-893-18197,OP-177-74668,ACC-397-91664,OR-109-15957,QU-019-61694,A-4r4833h7,A-4r4833h7,8734,Senger-Goyette,hnuttall8g@amazon.de,8734
LE-345-35068,OP-958-42527,ACC-026-71266,OR-504-06374,QU-839-02937,SP-1j3802q0,SP-1j3802q0,2658,"Wunsch, Rutherford and Donnelly",bkobel8h@hibu.com,2658
LE-182-89898,OP-977-54021,ACC-905-99609,OR-533-68123,QU-660-11627,SP-7g2488r5,SP-7g2488r5,6774,"Adams, Walsh and Wehner",nbeverage8i@delicious.com,6774
LE-200-77370,OP-501-42470,ACC-781-98008,OR-291-05220,QU-077-35931,S-3h9809u2,S-3h9809u2,4595,Harvey LLC,vbeckhouse8j@github.io,4595
LE-847-16938,OP-084-55445,ACC-443-15933,OR-945-88216,QU-624-32493,SP-6x5102j8,SP-6x5102j8,10122,Cummerata Group,dallnatt8k@hugedomains.com,10122
LE-111-39239,OP-164-56926,ACC-464-82159,OR-911-86836,QU-763-13046,SP-1j3802q0,SP-1j3802q0,9144,Schoen and Sons,akimmince8l@ehow.com,9144
LE-128-79912,OP-803-63612,ACC-530-66814,OR-815-27406,QU-104-13794,SP-9o2014z5,SP-9o2014z5,7909,"Smith, Koepp and Durgan",rmockett8m@edublogs.org,7909
LE-795-21311,OP-709-84314,ACC-748-54027,OR-090-60266,QU-496-58164,A-1s3102u0,A-1s3102u0,4420,Smitham-O'Kon,mbatters8n@istockphoto.com,4420
LE-210-05102,OP-138-42455,ACC-270-11660,OR-568-94292,QU-234-68056,A-9o2147a8,A-9o2147a8,7799,"Schneider, Satterfield and Littel",mlawton8o@angelfire.com,7799
LE-075-20681,OP-309-10050,ACC-755-02813,OR-728-64430,QU-670-22409,SP-6x5102j8,SP-6x5102j8,4603,Rodriguez-Medhurst,epinching8p@unesco.org,4603
LE-943-24847,OP-630-21908,ACC-094-98885,OR-882-79119,QU-448-21924,SP-9o2014z5,SP-9o2014z5,6063,"Goyette, McGlynn and Kerluke",gcasacchia8q@so-net.ne.jp,6063
LE-526-32000,OP-833-93651,ACC-928-76501,OR-597-69369,QU-219-77908,A-4r4833h7,A-4r4833h7,6518,"D'Amore, Ritchie and Schroeder",sberntssen8r@tamu.edu,6518
LE-229-39215,OP-514-86762,ACC-358-75649,OR-725-84772,QU-406-29583,A-9i3568y3,A-9i3568y3,7319,Lesch and Sons,cfanthome8s@ebay.co.uk,7319
LE-137-80460,OP-898-59734,ACC-347-64692,OR-934-08582,QU-789-03932,SP-1j3802q0,SP-1j3802q0,7792,"Tremblay, Koch and Wisoky",csquire8t@chronoengine.com,7792
LE-730-04445,OP-767-88762,ACC-549-25647,OR-850-15027,QU-541-95290,SP-7g2488r5,SP-7g2488r5,4896,"Brown, Ebert and Hayes",ltremberth8u@pcworld.com,4896
LE-100-86782,OP-539-40976,ACC-666-25949,OR-170-49836,QU-391-20919,SP-6x5102j8,SP-6x5102j8,2707,"Tromp, Von and Erdman",mmoens8v@jalbum.net,2707
LE-927-94629,OP-011-72824,ACC-677-62733,OR-284-23767,QU-586-51843,SP-4o9597q4,SP-4o9597q4,6889,"Wunsch, Lind and Hammes",sbalk8w@google.com.hk,6889
LE-832-31455,OP-771-38205,ACC-858-13315,OR-250-90327,QU-023-10495,SP-7g2488r5,SP-7g2488r5,5164,"Hintz, Kozey and Rowe",shulburd8x@gov.uk,5164
LE-757-21176,OP-576-65834,ACC-478-85133,OR-359-72159,QU-584-47027,A-0u7085f0,A-0u7085f0,8685,Hilpert and Sons,lrubee8y@yandex.ru,8685
LE-727-03422,OP-605-95789,ACC-804-31786,OR-061-98437,QU-118-71447,A-5q8351o1,A-5q8351o1,4000,Cormier and Sons,dshimwell8z@paginegialle.it,4000
LE-800-80197,OP-838-97379,ACC-667-08805,OR-539-88080,QU-244-68516,A-4r4833h7,A-4r4833h7,7698,Macejkovic and Sons,lsherringham90@nba.com,7698
LE-058-16677,OP-024-35579,ACC-272-12152,OR-245-01527,QU-752-23944,A-9o2147a8,A-9o2147a8,5947,"Doyle, Sanford and Vandervort",hbaudet91@google.com,5947
LE-341-96020,OP-272-89077,ACC-216-08215,OR-041-55177,QU-570-72387,S-3h9809u2,S-3h9809u2,1156,Corkery LLC,ostode92@t.co,1156
LE-052-64941,OP-097-91109,ACC-836-27259,OR-412-12627,QU-721-66022,SP-4o9597q4,SP-4o9597q4,4307,Hyatt-Dach,cjosephsen93@ifeng.com,4307
LE-750-40982,OP-705-72934,ACC-342-79647,OR-899-89386,QU-347-82574,SP-4o9597q4,SP-4o9597q4,7413,Cormier-Crooks,jmacmychem94@reverbnation.com,7413
LE-809-15855,OP-098-71661,ACC-392-28814,OR-714-70943,QU-914-55012,A-1s3102u0,A-1s3102u0,8059,Lang Inc,abasek95@soup.io,8059
LE-248-59157,OP-313-06496,ACC-918-04393,OR-890-31925,QU-366-91235,A-0u7085f0,A-0u7085f0,4367,Stoltenberg-Cruickshank,iprescote96@redcross.org,4367
LE-942-92604,OP-868-36115,ACC-267-85737,OR-522-83207,QU-809-45565,A-9o2147a8,A-9o2147a8,7137,Denesik-Pouros,mrathe97@facebook.com,7137
LE-231-21622,OP-367-67625,ACC-131-21581,OR-505-82858,QU-418-34088,A-9i3568y3,A-9i3568y3,2774,Jones-Ebert,kczajkowska98@topsy.com,2774
LE-231-38187,OP-382-96338,ACC-957-82116,OR-690-37568,QU-350-29757,A-5q8351o1,A-5q8351o1,5318,Padberg-Cassin,jsket99@cbc.ca,5318
LE-744-05618,OP-699-52386,ACC-838-79877,OR-546-78482,QU-046-61484,A-5q8351o1,A-5q8351o1,6665,Reichert Group,acrang9a@jugem.jp,6665
LE-886-95510,OP-064-65567,ACC-094-70638,OR-373-99423,QU-094-37068,SP-6x5102j8,SP-6x5102j8,3933,"Price, Hettinger and Borer",fcleere9b@nydailynews.com,3933
LE-879-19590,OP-404-07921,ACC-413-85078,OR-319-99250,QU-807-93954,SP-1j3802q0,SP-1j3802q0,5895,"Hudson, Doyle and Green",mromayn9c@instagram.com,5895
LE-805-83231,OP-337-08800,ACC-802-27434,OR-823-57125,QU-041-54829,SP-7g2488r5,SP-7g2488r5,7007,Gaylord-Wilderman,oflower9d@ihg.com,7007
LE-671-69053,OP-725-24334,ACC-455-11172,OR-137-41629,QU-334-55525,A-4r4833h7,A-4r4833h7,9509,Romaguera-Konopelski,ikosel9e@oracle.com,9509
LE-816-70511,OP-552-80903,ACC-853-22156,OR-458-09140,QU-797-69194,SP-6x5102j8,SP-6x5102j8,6298,Keebler-Thompson,tshambroke9f@nifty.com,6298
LE-891-06876,OP-534-44600,ACC-917-82852,OR-739-94874,QU-451-50492,SP-1j3802q0,SP-1j3802q0,7008,"King, McGlynn and Blanda",tdziwisz9g@yolasite.com,7008
LE-817-06235,OP-679-65896,ACC-552-57546,OR-458-57171,QU-805-81788,SP-4o9597q4,SP-4o9597q4,3635,Schumm LLC,ademke9h@hatena.ne.jp,3635
LE-517-69631,OP-422-42652,ACC-551-71829,OR-428-63751,QU-207-07143,SP-6x5102j8,SP-6x5102j8,2320,Boehm Group,mstelljes9i@intel.com,2320
LE-903-12531,OP-490-16655,ACC-885-31902,OR-356-58577,QU-502-91808,A-0u7085f0,A-0u7085f0,6351,Parisian-Hoeger,tsangwine9j@nhs.uk,6351
LE-055-43651,OP-613-66439,ACC-962-97410,OR-455-49667,QU-986-15225,SP-1j3802q0,SP-1j3802q0,1790,Gleichner Group,bkidde9k@umich.edu,1790
LE-002-41047,OP-041-75948,ACC-589-13461,OR-006-43913,QU-269-66669,A-1s3102u0,A-1s3102u0,8629,Becker and Sons,cdefraine9l@pen.io,8629
LE-396-62766,OP-465-65750,ACC-793-25702,OR-659-90144,QU-027-71194,SP-9o2014z5,SP-9o2014z5,7061,Dibbert and Sons,vlorek9m@sphinn.com,7061
LE-717-32037,OP-172-56077,ACC-935-75376,OR-083-00373,QU-332-96823,SP-4o9597q4,SP-4o9597q4,3759,Hintz-Dickinson,rharpham9n@github.io,3759
LE-849-74231,OP-838-38212,ACC-225-49342,OR-718-34371,QU-077-10296,SP-9o2014z5,SP-9o2014z5,3958,"Hahn, Nicolas and Orn",ghanburybrown9o@example.com,3958
LE-423-72619,OP-634-66426,ACC-173-19170,OR-719-43710,QU-652-77911,A-4r4833h7,A-4r4833h7,6449,Feil LLC,ekinnett9p@e-recht24.de,6449
LE-771-78120,OP-887-33042,ACC-336-27616,OR-244-37441,QU-248-66419,A-9o2147a8,A-9o2147a8,8783,Vandervort-Crist,wmacalpin9q@unblog.fr,8783
LE-482-09441,OP-397-44083,ACC-378-03561,OR-262-28560,QU-845-88662,SP-6x5102j8,SP-6x5102j8,7108,Medhurst Inc,gbennetto9r@imdb.com,7108
LE-738-14030,OP-586-66143,ACC-447-48209,OR-843-16294,QU-115-17397,A-0u7085f0,A-0u7085f0,3806,"Kling, Bergnaum and Trantow",karchbould9s@techcrunch.com,3806
LE-740-49425,OP-662-57112,ACC-931-28767,OR-643-42889,QU-051-12639,SP-4o9597q4,SP-4o9597q4,9164,"Mayer, Sauer and Walter",kcheyne9t@over-blog.com,9164
LE-410-85475,OP-313-24408,ACC-051-66256,OR-426-86067,QU-415-27283,A-9i3568y3,A-9i3568y3,7375,Sawayn-Brakus,sradenhurst9u@icq.com,7375
LE-417-71904,OP-523-52044,ACC-205-20032,OR-016-07308,QU-743-40011,A-9i3568y3,A-9i3568y3,5234,Crona and Sons,cjacmar9v@ucsd.edu,5234
LE-892-30940,OP-295-78976,ACC-404-00142,OR-064-09553,QU-369-26426,SP-7g2488r5,SP-7g2488r5,2901,Hagenes Inc,ahundal9w@google.de,2901
LE-106-33428,OP-458-42879,ACC-221-71592,OR-453-53549,QU-486-03559,A-1s3102u0,A-1s3102u0,7204,"Ernser, Koelpin and Jenkins",mgoodanew9x@myspace.com,7204
LE-061-43889,OP-235-09585,ACC-134-45713,OR-072-63919,QU-889-26619,A-0u7085f0,A-0u7085f0,10570,"Swaniawski, Kling and Braun",sburman9y@cyberchimps.com,10570
LE-231-03741,OP-836-16944,ACC-742-40104,OR-451-10487,QU-513-88834,A-4r4833h7,A-4r4833h7,5377,Block Inc,trodrigues9z@pbs.org,5377
LE-991-84235,OP-260-53656,ACC-898-24703,OR-071-58734,QU-848-41928,SP-9o2014z5,SP-9o2014z5,4879,Mante-Greenfelder,wtaysbila0@sina.com.cn,4879
LE-677-70145,OP-293-95889,ACC-088-73756,OR-646-03195,QU-942-36114,A-5q8351o1,A-5q8351o1,3735,Yost LLC,jmckernana1@oakley.com,3735
LE-770-02050,OP-656-70412,ACC-371-05688,OR-537-97404,QU-777-89573,A-9o2147a8,A-9o2147a8,3419,"Cormier, Kunze and Conn",ltofanoa2@hhs.gov,3419
LE-487-00618,OP-815-94854,ACC-453-40492,OR-484-76692,QU-379-45062,SP-9o2014z5,SP-9o2014z5,5765,Zemlak and Sons,cpanimana3@state.gov,5765
LE-831-13084,OP-801-91297,ACC-792-30274,OR-850-13218,QU-856-58479,SP-9o2014z5,SP-9o2014z5,3679,Cruickshank-Becker,fgraveneya4@networksolutions.com,3679
LE-569-96218,OP-465-48379,ACC-827-68785,OR-553-68022,QU-113-26707,A-0u7085f0,A-0u7085f0,7551,"Dooley, Bartell and Donnelly",dstuttmana5@cnbc.com,7551
LE-000-49444,OP-264-70974,ACC-960-05581,OR-306-45250,QU-741-70017,A-1s3102u0,A-1s3102u0,4365,"Willms, Hayes and Okuneva",ihardmana6@soundcloud.com,4365
LE-565-13499,OP-455-16982,ACC-256-26661,OR-223-39115,QU-262-23730,SP-4o9597q4,SP-4o9597q4,8971,Jast and Sons,glandrea7@ucoz.ru,8971
LE-038-42520,OP-466-47299,ACC-526-38960,OR-716-27856,QU-059-65861,SP-4o9597q4,SP-4o9597q4,5664,Rippin Group,hrobberta8@cnet.com,5664
LE-416-68209,OP-255-09570,ACC-712-93268,OR-040-05695,QU-468-76961,SP-6x5102j8,SP-6x5102j8,3498,Boyer-Nicolas,deckharda9@bigcartel.com,3498
LE-022-87784,OP-217-21829,ACC-813-74508,OR-909-71954,QU-447-16215,SP-7g2488r5,SP-7g2488r5,4677,Grant-Corwin,droycroftaa@google.nl,4677
LE-375-38495,OP-220-80003,ACC-333-79063,OR-370-76154,QU-827-76692,SP-6x5102j8,SP-6x5102j8,5265,"Cronin, Hudson and Ferry",bdrayeab@webnode.com,5265
LE-643-83044,OP-256-47170,ACC-554-19432,OR-553-58406,QU-620-44102,A-0u7085f0,A-0u7085f0,5694,"Brown, Fisher and Kutch",dgoaneac@surveymonkey.com,5694
LE-032-76206,OP-414-43504,ACC-373-74171,OR-422-01375,QU-860-04532,SP-1j3802q0,SP-1j3802q0,6101,Hansen Inc,aokeevanad@intel.com,6101
LE-669-92150,OP-076-20815,ACC-846-09615,OR-387-43742,QU-231-36984,S-3h9809u2,S-3h9809u2,2672,Leannon Group,jgoldaae@geocities.jp,2672
,,,,,A-0u7085f0,,,,,
,,,,,S-3h9809u2,,,,,
,,,,,A-9o2147a8,,,,,
,,,,,SP-9o2014z5,,,,,
,,,,,A-4r4833h7,,,,,
,,,,,A-0u7085f0,,,,,
,,,,,A-4r4833h7,,,,,
,,,,,A-9o2147a8,,,,,
,,,,,SP-4o9597q4,,,,,
,,,,,S-3h9809u2,,,,,
,,,,,SP-4o9597q4,,,,,
,,,,,A-1s3102u0,,,,,
,,,,,SP-7g2488r5,,,,,
,,,,,A-9i3568y3,,,,,
,,,,,A-5q8351o1,,,,,
,,,,,SP-9o2014z5,,,,,
,,,,,A-9i3568y3,,,,,
,,,,,SP-6x5102j8,,,,,
,,,,,SP-9o2014z5,,,,,
,,,,,A-1s3102u0,,,,,
,,,,,SP-9o2014z5,,,,,
,,,,,A-1s3102u0,,,,,
,,,,,A-9i3568y3,,,,,
,,,,,A-4r4833h7,,,,,
,,,,,A-0u7085f0,,,,,
,,,,,S-3h9809u2,,,,,
,,,,,SP-7g2488r5,,,,,
,,,,,SP-4o9597q4,,,,,
,,,,,SP-1j3802q0,,,,,
,,,,,A-1s3102u0,,,,,
,,,,,SP-9o2014z5,,,,,
,,,,,SP-7g2488r5,,,,,
,,,,,SP-1j3802q0,,,,,
,,,,,S-3h9809u2,,,,,
,,,,,A-9o2147a8,,,,,
,,,,,A-5q8351o1,,,,,
,,,,,A-4r4833h7,,,,,
,,,,,SP-1j3802q0,,,,,
,,,,,SP-9o2014z5,,,,,
,,,,,SP-9o2014z5,,,,,
,,,,,A-9o2147a8,,,,,
,,,,,A-4r4833h7,,,,,
,,,,,A-1s3102u0,,,,,
,,,,,SP-1j3802q0,,,,,
,,,,,SP-4o9597q4,,,,,
,,,,,SP-7g2488r5,,,,,
,,,,,SP-4o9597q4,,,,,
,,,,,A-0u7085f0,,,,,
,,,,,S-3h9809u2,,,,,
,,,,,SP-6x5102j8,,,,,
,,,,,SP-4o9597q4,,,,,
,,,,,A-0u7085f0,,,,,
,,,,,A-9o2147a8,,,,,
,,,,,A-0u7085f0,,,,,
,,,,,SP-1j3802q0,,,,,
,,,,,A-0u7085f0,,,,,
,,,,,A-9i3568y3,,,,,
,,,,,SP-1j3802q0,,,,,
,,,,,SP-6x5102j8,,,,,
,,,,,SP-9o2014z5,,,,,
,,,,,S-3h9809u2,,,,,
,,,,,A-4r4833h7,,,,,
,,,,,A-9i3568y3,,,,,
,,,,,SP-7g2488r5,,,,,
,,,,,A-5q8351o1,,,,,
,,,,,A-4r4833h7,,,,,
,,,,,A-5q8351o1,,,,,
,,,,,SP-7g2488r5,,,,,
,,,,,S-3h9809u2,,,,,
,,,,,SP-9o2014z5,,,,,
,,,,,SP-4o9597q4,,,,,
,,,,,A-5q8351o1,,,,,
,,,,,SP-1j3802q0,,,,,
,,,,,SP-7g2488r5,,,,,
,,,,,SP-6x5102j8,,,,,
,,,,,A-1s3102u0,,,,,
,,,,,A-9o2147a8,,,,,
,,,,,A-9o2147a8,,,,,
,,,,,A-1s3102u0,,,,,
,,,,,A-9i3568y3,,,,,
,,,,,A-0u7085f0,,,,,
,,,,,SP-4o9597q4,,,,,
,,,,,A-9o2147a8,,,,,
,,,,,SP-1j3802q0,,,,,
,,,,,A-1s3102u0,,,,,
,,,,,A-9o2147a8,,,,,
,,,,,SP-1j3802q0,,,,,
,,,,,SP-4o9597q4,,,,,
,,,,,A-1s3102u0,,,,,
,,,,,SP-4o9597q4,,,,,
,,,,,A-1s3102u0,,,,,
,,,,,A-1s3102u0,,,,,
,,,,,SP-6x5102j8,,,,,
,,,,,A-1s3102u0,,,,,
,,,,,S-3h9809u2,,,,,
,,,,,A-5q8351o1,,,,,
,,,,,A-9o2147a8,,,,,
,,,,,SP-9o2014z5,,,,,
,,,,,SP-6x5102j8,,,,,
,,,,,SP-1j3802q0,,,,,
,,,,,SP-9o2014z5,,,,,
,,,,,SP-1j3802q0,,,,,
,,,,,S-3h9809u2,,,,,
,,,,,SP-6x5102j8,,,,,
,,,,,A-9o2147a8,,,,,
,,,,,A-9i3568y3,,,,,
,,,,,A-9i3568y3,,,,,
,,,,,SP-9o2014z5,,,,,
,,,,,SP-4o9597q4,,,,,
,,,,,SP-6x5102j8,,,,,
,,,,,A-5q8351o1,,,,,
,,,,,A-1s3102u0,,,,,
,,,,,A-4r4833h7,,,,,
,,,,,SP-9o2014z5,,,,,
,,,,,SP-7g2488r5,,,,,
,,,,,SP-1j3802q0,,,,,
,,,,,A-9i3568y3,,,,,
,,,,,A-9o2147a8,,,,,
,,,,,A-0u7085f0,,,,,
,,,,,A-1s3102u0,,,,,
,,,,,A-9i3568y3,,,,,
,,,,,A-0u7085f0,,,,,
,,,,,SP-4o9597q4,,,,,
,,,,,SP-4o9597q4,,,,,
,,,,,SP-9o2014z5,,,,,
,,,,,A-5q8351o1,,,,,
,,,,,A-9i3568y3,,,,,
,,,,,SP-4o9597q4,,,,,
,,,,,SP-1j3802q0,,,,,
,,,,,SP-7g2488r5,,,,,
,,,,,A-1s3102u0,,,,,
,,,,,SP-1j3802q0,,,,,
,,,,,A-9i3568y3,,,,,
,,,,,A-9i3568y3,,,,,
,,,,,SP-9o2014z5,,,,,
,,,,,A-5q8351o1,,,,,
,,,,,A-9i3568y3,,,,,
,,,,,SP-7g2488r5,,,,,
,,,,,SP-4o9597q4,,,,,
,,,,,A-5q8351o1,,,,,
,,,,,A-9i3568y3,,,,,
,,,,,SP-1j3802q0,,,,,
,,,,,SP-7g2488r5,,,,,
,,,,,SP-9o2014z5,,,,,
,,,,,SP-6x5102j8,,,,,
,,,,,SP-9o2014z5,,,,,
,,,,,SP-7g2488r5,,,,,
,,,,,SP-6x5102j8,,,,,
,,,,,A-0u7085f0,,,,,
,,,,,SP-4o9597q4,,,,,
,,,,,SP-6x5102j8,,,,,
,,,,,A-0u7085f0,,,,,
,,,,,SP-4o9597q4,,,,,
,,,,,SP-4o9597q4,,,,,
,,,,,A-1s3102u0,,,,,
,,,,,A-1s3102u0,,,,,
,,,,,A-9o2147a8,,,,,
,,,,,A-9i3568y3,,,,,
,,,,,SP-9o2014z5,,,,,
,,,,,A-0u7085f0,,,,,
,,,,,A-1s3102u0,,,,,
,,,,,SP-4o9597q4,,,,,
,,,,,A-9o2147a8,,,,,
,,,,,SP-6x5102j8,,,,,
,,,,,A-9i3568y3,,,,,
,,,,,SP-9o2014z5,,,,,
,,,,,SP-4o9597q4,,,,,
,,,,,SP-1j3802q0,,,,,
,,,,,A-5q8351o1,,,,,
,,,,,SP-4o9597q4,,,,,
,,,,,SP-7g2488r5,,,,,
,,,,,S-3h9809u2,,,,,
,,,,,A-4r4833h7,,,,,
,,,,,S-3h9809u2,,,,,
,,,,,S-3h9809u2,,,,,
,,,,,A-5q8351o1,,,,,
,,,,,A-0u7085f0,,,,,
,,,,,A-9i3568y3,,,,,
,,,,,SP-6x5102j8,,,,,
,,,,,A-1s3102u0,,,,,
,,,,,A-1s3102u0,,,,,
,,,,,SP-1j3802q0,,,,,
,,,,,SP-9o2014z5,,,,,
,,,,,SP-6x5102j8,,,,,
,,,,,SP-6x5102j8,,,,,
,,,,,A-5q8351o1,,,,,
,,,,,SP-4o9597q4,,,,,
,,,,,SP-4o9597q4,,,,,
,,,,,S-3h9809u2,,,,,
,,,,,SP-6x5102j8,,,,,
,,,,,SP-6x5102j8,,,,,
,,,,,A-0u7085f0,,,,,
,,,,,A-9o2147a8,,,,,
,,,,,A-5q8351o1,,,,,
,,,,,A-4r4833h7,,,,,
,,,,,SP-7g2488r5,,,,,
,,,,,A-5q8351o1,,,,,
,,,,,A-1s3102u0,,,,,
,,,,,A-9o2147a8,,,,,
,,,,,S-3h9809u2,,,,,
,,,,,SP-7g2488r5,,,,,
,,,,,A-9o2147a8,,,,,
,,,,,SP-9o2014z5,,,,,
,,,,,SP-4o9597q4,,,,,
,,,,,S-3h9809u2,,,,,
,,,,,A-5q8351o1,,,,,
,,,,,A-4r4833h7,,,,,
,,,,,A-0u7085f0,,,,,
,,,,,SP-9o2014z5,,,,,
,,,,,A-9i3568y3,,,,,
,,,,,A-9i3568y3,,,,,
,,,,,SP-9o2014z5,,,,,
,,,,,SP-4o9597q4,,,,,
,,,,,A-9i3568y3,,,,,
,,,,,A-9i3568y3,,,,,
,,,,,SP-9o2014z5,,,,,
,,,,,SP-1j3802q0,,,,,
,,,,,SP-4o9597q4,,,,,
,,,,,A-0u7085f0,,,,,
,,,,,S-3h9809u2,,,,,
,,,,,A-1s3102u0,,,,,
,,,,,A-9i3568y3,,,,,
,,,,,SP-4o9597q4,,,,,
,,,,,SP-4o9597q4,,,,,
,,,,,A-5q8351o1,,,,,
,,,,,SP-6x5102j8,,,,,
,,,,,A-9o2147a8,,,,,
,,,,,SP-4o9597q4,,,,,
,,,,,A-9o2147a8,,,,,
,,,,,SP-6x5102j8,,,,,
,,,,,A-9i3568y3,,,,,
,,,,,A-4r4833h7,,,,,
,,,,,SP-4o9597q4,,,,,
,,,,,A-5q8351o1,,,,,
,,,,,SP-4o9597q4,,,,,
,,,,,SP-6x5102j8,,,,,
,,,,,A-0u7085f0,,,,,
,,,,,A-9o2147a8,,,,,
,,,,,A-0u7085f0,,,,,
,,,,,SP-7g2488r5,,,,,
,,,,,SP-6x5102j8,,,,,
,,,,,A-0u7085f0,,,,,
,,,,,SP-6x5102j8,,,,,
,,,,,A-9o2147a8,,,,,
,,,,,SP-4o9597q4,,,,,
,,,,,SP-7g2488r5,,,,,
,,,,,A-0u7085f0,,,,,
,,,,,S-3h9809u2,,,,,
,,,,,SP-1j3802q0,,,,,
,,,,,SP-4o9597q4,,,,,
,,,,,A-4r4833h7,,,,,
,,,,,A-9i3568y3,,,,,
,,,,,A-1s3102u0,,,,,
,,,,,SP-6x5102j8,,,,,
,,,,,SP-1j3802q0,,,,,
,,,,,A-4r4833h7,,,,,
,,,,,A-1s3102u0,,,,,
,,,,,A-9o2147a8,,,,,
,,,,,A-9i3568y3,,,,,
,,,,,SP-9o2014z5,,,,,
,,,,,SP-4o9597q4,,,,,
,,,,,A-1s3102u0,,,,,
,,,,,A-0u7085f0,,,,,
,,,,,SP-9o2014z5,,,,,
,,,,,SP-1j3802q0,,,,,
,,,,,A-9i3568y3,,,,,
,,,,,S-3h9809u2,,,,,
,,,,,SP-1j3802q0,,,,,
,,,,,A-0u7085f0,,,,,
,,,,,SP-9o2014z5,,,,,
,,,,,A-1s3102u0,,,,,
,,,,,SP-1j3802q0,,,,,
,,,,,SP-4o9597q4,,,,,
,,,,,A-4r4833h7,,,,,
,,,,,SP-1j3802q0,,,,,
,,,,,A-4r4833h7,,,,,
,,,,,SP-7g2488r5,,,,,
,,,,,SP-9o2014z5,,,,,
,,,,,SP-1j3802q0,,,,,
,,,,,A-9o2147a8,,,,,
,,,,,A-9i3568y3,,,,,
,,,,,A-4r4833h7,,,,,
,,,,,SP-1j3802q0,,,,,
,,,,,A-4r4833h7,,,,,
,,,,,A-4r4833h7,,,,,
,,,,,SP-1j3802q0,,,,,
,,,,,A-9o2147a8,,,,,
,,,,,A-9o2147a8,,,,,
,,,,,SP-4o9597q4,,,,,
,,,,,SP-7g2488r5,,,,,
,,,,,SP-7g2488r5,,,,,
,,,,,A-9o2147a8,,,,,
,,,,,A-0u7085f0,,,,,
,,,,,A-9o2147a8,,,,,
,,,,,SP-6x5102j8,,,,,
,,,,,A-5q8351o1,,,,,
,,,,,A-0u7085f0,,,,,
,,,,,SP-4o9597q4,,,,,
,,,,,A-4r4833h7,,,,,
,,,,,SP-4o9597q4,,,,,
,,,,,A-4r4833h7,,,,,
,,,,,SP-9o2014z5,,,,,
,,,,,SP-4o9597q4,,,,,
,,,,,A-1s3102u0,,,,,
,,,,,A-4r4833h7,,,,,
,,,,,SP-7g2488r5,,,,,
,,,,,SP-7g2488r5,,,,,
,,,,,SP-6x5102j8,,,,,
,,,,,A-9o2147a8,,,,,
,,,,,A-1s3102u0,,,,,
,,,,,A-1s3102u0,,,,,
,,,,,A-9i3568y3,,,,,
,,,,,SP-4o9597q4,,,,,
,,,,,A-4r4833h7,,,,,
,,,,,SP-9o2014z5,,,,,
,,,,,S-3h9809u2,,,,,
,,,,,A-1s3102u0,,,,,
,,,,,SP-7g2488r5,,,,,
,,,,,A-5q8351o1,,,,,
,,,,,SP-4o9597q4,,,,,
,,,,,A-9i3568y3,,,,,
,,,,,A-0u7085f0,,,,,
,,,,,A-4r4833h7,,,,,
,,,,,SP-7g2488r5,,,,,
,,,,,A-5q8351o1,,,,,
,,,,,SP-9o2014z5,,,,,
,,,,,SP-9o2014z5,,,,,
,,,,,SP-9o2014z5,,,,,
,,,,,SP-6x5102j8,,,,,
,,,,,A-9o2147a8,,,,,
,,,,,SP-7g2488r5,,,,,
,,,,,SP-1j3802q0,,,,,
,,,,,S-3h9809u2,,,,,
,,,,,A-9o2147a8,,,,,
,,,,,A-4r4833h7,,,,,
,,,,,A-9o2147a8,,,,,
,,,,,A-5q8351o1,,,,,
,,,,,SP-9o2014z5,,,,,
,,,,,SP-1j3802q0,,,,,
,,,,,SP-7g2488r5,,,,,
,,,,,A-1s3102u0,,,,,
,,,,,A-1s3102u0,,,,,
,,,,,A-9i3568y3,,,,,
,,,,,A-4r4833h7,,,,,
,,,,,S-3h9809u2,,,,,
,,,,,A-0u7085f0,,,,,
,,,,,A-1s3102u0,,,,,
,,,,,A-1s3102u0,,,,,
,,,,,SP-9o2014z5,,,,,
,,,,,SP-9o2014z5,,,,,
,,,,,A-9i3568y3,,,,,
,,,,,A-9i3568y3,,,,,
,,,,,SP-4o9597q4,,,,,
,,,,,A-4r4833h7,,,,,
,,,,,A-1s3102u0,,,,,
,,,,,SP-7g2488r5,,,,,
,,,,,A-9i3568y3,,,,,
,,,,,SP-6x5102j8,,,,,
,,,,,A-4r4833h7,,,,,
,,,,,A-9o2147a8,,,,,
,,,,,SP-6x5102j8,,,,,
,,,,,SP-9o2014z5,,,,,
,,,,,SP-6x5102j8,,,,,
,,,,,A-0u7085f0,,,,,
,,,,,SP-4o9597q4,,,,,
,,,,,A-0u7085f0,,,,,
,,,,,SP-9o2014z5,,,,,
,,,,,SP-6x5102j8,,,,,
,,,,,SP-4o9597q4,,,,,
,,,,,A-0u7085f0,,,,,
,,,,,SP-4o9597q4,,,,,
,,,,,A-5q8351o1,,,,,
,,,,,A-9i3568y3,,,,,
,,,,,S-3h9809u2,,,,,
,,,,,SP-9o2014z5,,,,,
,,,,,A-0u7085f0,,,,,
,,,,,S-3h9809u2,,,,,
,,,,,A-5q8351o1,,,,,
,,,,,A-5q8351o1,,,,,
,,,,,A-5q8351o1,,,,,
,,,,,SP-6x5102j8,,,,,
,,,,,SP-6x5102j8,,,,,
,,,,,S-3h9809u2,,,,,
,,,,,A-4r4833h7,,,,,
,,,,,SP-6x5102j8,,,,,
,,,,,A-9i3568y3,,,,,
,,,,,SP-6x5102j8,,,,,
,,,,,SP-4o9597q4,,,,,
,,,,,A-9i3568y3,,,,,
,,,,,A-0u7085f0,,,,,
,,,,,SP-7g2488r5,,,,,
,,,,,A-0u7085f0,,,,,
,,,,,SP-6x5102j8,,,,,
,,,,,S-3h9809u2,,,,,
,,,,,SP-6x5102j8,,,,,
,,,,,A-1s3102u0,,,,,
,,,,,SP-6x5102j8,,,,,
,,,,,SP-9o2014z5,,,,,
,,,,,A-1s3102u0,,,,,
,,,,,A-0u7085f0,,,,,
,,,,,SP-9o2014z5,,,,,
,,,,,SP-9o2014z5,,,,,
,,,,,A-9o2147a8,,,,,
,,,,,SP-1j3802q0,,,,,
,,,,,A-9i3568y3,,,,,
,,,,,A-4r4833h7,,,,,
,,,,,A-1s3102u0,,,,,
,,,,,SP-4o9597q4,,,,,
,,,,,A-0u7085f0,,,,,
,,,,,SP-6x5102j8,,,,,
,,,,,A-9o2147a8,,,,,
,,,,,A-9i3568y3,,,,,
,,,,,A-5q8351o1,,,,,
,,,,,SP-7g2488r5,,,,,
,,,,,SP-9o2014z5,,,,,
,,,,,S-3h9809u2,,,,,
,,,,,SP-4o9597q4,,,,,
,,,,,S-3h9809u2,,,,,
,,,,,A-5q8351o1,,,,,
,,,,,A-9i3568y3,,,,,
,,,,,A-9i3568y3,,,,,
,,,,,A-9i3568y3,,,,,
,,,,,A-1s3102u0,,,,,
,,,,,A-9i3568y3,,,,,
,,,,,SP-4o9597q4,,,,,
,,,,,A-4r4833h7,,,,,
,,,,,SP-7g2488r5,,,,,
,,,,,SP-9o2014z5,,,,,
,,,,,SP-1j3802q0,,,,,
,,,,,A-9o2147a8,,,,,
,,,,,A-9i3568y3,,,,,
,,,,,A-4r4833h7,,,,,
,,,,,SP-1j3802q0,,,,,
,,,,,A-4r4833h7,,,,,
,,,,,A-4r4833h7,,,,,
,,,,,SP-1j3802q0,,,,,
,,,,,A-9o2147a8,,,,,
,,,,,A-9o2147a8,,,,,
,,,,,SP-4o9597q4,,,,,
,,,,,SP-7g2488r5,,,,,
,,,,,SP-7g2488r5,,,,,
,,,,,A-9o2147a8,,,,,
,,,,,A-0u7085f0,,,,,
,,,,,A-9o2147a8,,,,,
,,,,,SP-6x5102j8,,,,,
,,,,,A-5q8351o1,,,,,
,,,,,A-0u7085f0,,,,,
,,,,,SP-4o9597q4,,,,,
,,,,,A-4r4833h7,,,,,
,,,,,SP-4o9597q4,,,,,
,,,,,A-4r4833h7,,,,,
,,,,,SP-9o2014z5,,,,,
,,,,,SP-4o9597q4,,,,,
,,,,,A-1s3102u0,,,,,
,,,,,A-4r4833h7,,,,,
,,,,,SP-7g2488r5,,,,,
,,,,,SP-7g2488r5,,,,,
,,,,,SP-6x5102j8,,,,,
,,,,,A-9o2147a8,,,,,
,,,,,A-1s3102u0,,,,,
,,,,,A-1s3102u0,,,,,
,,,,,A-9i3568y3,,,,,
,,,,,SP-4o9597q4,,,,,
,,,,,A-4r4833h7,,,,,
,,,,,SP-9o2014z5,,,,,
,,,,,S-3h9809u2,,,,,
,,,,,A-1s3102u0,,,,,
,,,,,SP-7g2488r5,,,,,
,,,,,A-5q8351o1,,,,,
,,,,,SP-4o9597q4,,,,,
,,,,,A-9i3568y3,,,,,
,,,,,A-0u7085f0,,,,,
,,,,,A-4r4833h7,,,,,
,,,,,SP-7g2488r5,,,,,
,,,,,A-5q8351o1,,,,,
