Lead_ID,Opp_ID,Account_ID,Order_ID,Quote_ID,Invioce_ID,Product Name,Product _ID,Oraganisation,Email ID,Revenue
LE-605-17249,OP-690-56387,ACC-318-79881,OR-804-96629,QU-622-36833,IN-964-38936,Mark-1,A-4r4833h7,McCullough Inc,emorey0@list-manage.com,5809
LE-774-58562,OP-826-82955,ACC-530-89290,OR-521-57734,QU-820-49625,IN-733-71078,Print Bed,SP-7g2488r5,Weber Group,rperott1@imgur.com,2394
LE-640-45746,OP-708-56841,ACC-945-71791,OR-578-90031,QU-282-38726,IN-410-54295,Frame,SP-9o2014z5,O'Keefe LLC,cdumini2@rambler.ru,7054
LE-989-22565,OP-173-54718,ACC-891-53789,OR-979-60521,QU-851-41529,IN-277-52507,Belts,SP-1j3802q0,"McDermott, Bahringer and Gislason",bcastellaccio3@ucsd.edu,4893
LE-071-78327,OP-492-77499,ACC-135-37146,OR-694-15824,QU-638-79470,IN-308-61160,Mark-50,A-9o2147a8,Wehner Inc,kbehagg4@xing.com,1655
LE-363-30755,OP-020-80167,ACC-566-68634,OR-529-95986,QU-378-35464,IN-668-71965,Mark-5,A-9i3568y3,Feil Group,lbevens5@ucsd.edu,5009
LE-964-47666,OP-925-72989,ACC-729-20501,OR-157-35749,QU-104-88582,IN-968-65051,Mark-1,A-4r4833h7,Ernser and Sons,nlukasik6@vimeo.com,5952
LE-703-11035,OP-262-81966,ACC-732-58728,OR-842-57167,QU-925-19925,IN-872-97488,Belts,SP-1j3802q0,"Bogisich, Langosh and Walter",waddy7@weebly.com,4775
LE-890-92447,OP-419-90171,ACC-837-08201,OR-029-43213,QU-232-40399,IN-145-16832,Mark-1,A-4r4833h7,Marvin-Keebler,lbendle8@blogs.com,4935
LE-591-99524,OP-171-53545,ACC-369-77973,OR-002-04651,QU-354-05621,IN-613-38836,Mark-1,A-4r4833h7,Homenick Group,urumgay9@istockphoto.com,5985
LE-781-32118,OP-194-86664,ACC-415-62594,OR-989-28938,QU-119-84478,IN-296-67055,Belts,SP-1j3802q0,Boyer-Frami,jgalpina@lycos.com,7108
LE-708-51739,OP-885-73596,ACC-631-57409,OR-219-65225,QU-695-11507,IN-627-85731,Mark-50,A-9o2147a8,Fay-Lueilwitz,tjandlb@surveymonkey.com,5380
LE-380-73361,OP-372-58981,ACC-057-02482,OR-367-51248,QU-856-12840,IN-792-28529,Mark-50,A-9o2147a8,"O'Kon, Hackett and Legros",clicencec@nasa.gov,5485
LE-007-82847,OP-687-67970,ACC-987-68816,OR-276-75175,QU-206-50247,IN-748-87222,Filament,SP-4o9597q4,Emmerich-Smitham,drohlfsd@forbes.com,8056
LE-230-56477,OP-108-91685,ACC-118-78067,OR-665-77394,QU-869-81436,IN-574-39737,Print Bed,SP-7g2488r5,Mertz-Huels,mbushere@com.com,7275
LE-486-72369,OP-030-66102,ACC-127-62190,OR-882-58139,QU-688-63575,IN-467-21999,Print Bed,SP-7g2488r5,Lockman Inc,crubinlichtf@discuz.net,7470
LE-983-92354,OP-694-93253,ACC-038-47975,OR-796-49361,QU-000-39336,IN-327-72368,Mark-50,A-9o2147a8,"Stoltenberg, Pacocha and Brekke",adeavesg@fastcompany.com,3880
LE-910-29831,OP-173-03446,ACC-112-25161,OR-837-76771,QU-841-53907,IN-134-72831,Mark-10,A-0u7085f0,"Hane, Feeney and Herzog",mmarlowh@nydailynews.com,8158
LE-468-51200,OP-631-21449,ACC-757-35507,OR-694-47546,QU-232-79739,IN-674-23103,Mark-50,A-9o2147a8,Larson LLC,rcarmonti@google.fr,8017
LE-697-98314,OP-036-12333,ACC-336-37337,OR-747-76788,QU-257-13539,IN-167-65598,Controller Board,SP-6x5102j8,Fisher LLC,ksnelgrovej@jalbum.net,10625
LE-255-17712,OP-608-83560,ACC-126-85056,OR-202-53796,QU-084-36484,IN-580-29642,Jarvis-1 T,A-5q8351o1,"Grady, Kuphal and Kessler",cbucherk@google.ca,7024
LE-591-11348,OP-632-68884,ACC-294-25438,OR-910-05883,QU-896-14860,IN-490-36422,Mark-10,A-0u7085f0,Fisher-Bartoletti,dtumilityl@amazon.de,6811
LE-376-31887,OP-912-13615,ACC-772-09788,OR-948-45191,QU-279-73515,IN-246-26308,Filament,SP-4o9597q4,Ortiz LLC,wbelshamm@squidoo.com,3468
LE-718-28490,OP-726-85494,ACC-637-44337,OR-350-61534,QU-054-85533,IN-892-91871,Mark-1,A-4r4833h7,Moen-Kuvalis,emackereln@ucoz.ru,4434
LE-179-20657,OP-584-64719,ACC-240-04750,OR-492-83902,QU-701-12907,IN-929-16980,Filament,SP-4o9597q4,"Mills, Bernier and Nienow",fdegregorioo@sohu.com,6129
LE-572-52604,OP-376-52470,ACC-871-50978,OR-337-55529,QU-796-56810,IN-579-17636,Mark-1,A-4r4833h7,"Mayert, Heidenreich and Von",agoodhallp@sun.com,6762
LE-925-35043,OP-979-48253,ACC-371-89211,OR-252-26744,QU-584-81732,IN-763-51927,Frame,SP-9o2014z5,Kautzer-Ferry,rvalderq@clickbank.net,5332
LE-659-80883,OP-501-03353,ACC-991-26563,OR-951-34284,QU-909-91401,IN-520-00910,Filament,SP-4o9597q4,Hyatt LLC,adominichellir@buzzfeed.com,10300
LE-697-08721,OP-579-68574,ACC-613-42657,OR-876-01575,QU-238-74733,IN-764-73755,Jarvis-5 T,A-1s3102u0,"Rogahn, Gottlieb and Bernier",jlivingstons@wikispaces.com,3498
LE-277-41786,OP-909-42448,ACC-636-78381,OR-904-92155,QU-856-17603,IN-291-02036,Mark-1,A-4r4833h7,Kuhlman LLC,ageekiet@buzzfeed.com,8696
LE-478-26924,OP-402-67681,ACC-874-22890,OR-495-06463,QU-676-75749,IN-308-16162,Print Bed,SP-7g2488r5,Veum-Kunze,sdobbinsu@unc.edu,8400
LE-497-78534,OP-849-26212,ACC-571-62800,OR-833-36017,QU-460-34121,IN-238-73829,Print Bed,SP-7g2488r5,"Bashirian, Nader and Johnston",dhalloranv@ca.gov,5389
LE-006-11965,OP-921-60481,ACC-138-80430,OR-992-76791,QU-595-08321,IN-829-39022,Controller Board,SP-6x5102j8,"Breitenberg, Bednar and Mitchell",escourfieldw@homestead.com,6960
LE-615-90048,OP-231-33514,ACC-197-11803,OR-363-86035,QU-154-24745,IN-923-64913,Mark-50,A-9o2147a8,Kirlin and Sons,fbernotx@icq.com,6875
LE-707-49423,OP-349-35719,ACC-590-74776,OR-154-58401,QU-900-86445,IN-478-17114,Jarvis-5 T,A-1s3102u0,Luettgen-Cruickshank,btremmely@state.gov,7546
LE-572-82579,OP-893-16960,ACC-682-43471,OR-022-32554,QU-555-55095,IN-783-67160,Jarvis-5 T,A-1s3102u0,"Runolfsdottir, Lind and Roberts",lmuxworthyz@ifeng.com,5776
LE-831-34130,OP-076-49401,ACC-447-14776,OR-723-53407,QU-601-77251,IN-643-22517,Mark-5,A-9i3568y3,Quitzon-Blanda,vtheseira10@1und1.de,6665
LE-434-76389,OP-666-97724,ACC-031-24088,OR-598-93033,QU-604-85423,IN-523-09649,Filament,SP-4o9597q4,Hand Inc,jbynold11@ox.ac.uk,4332
LE-696-02828,OP-341-28355,ACC-392-52451,OR-163-33736,QU-827-32278,IN-799-52252,Mark-1,A-4r4833h7,Hane Inc,sbanasevich12@elpais.com,8451
LE-741-74739,OP-566-01055,ACC-910-58442,OR-527-16202,QU-766-38712,IN-389-66415,Frame,SP-9o2014z5,Shanahan-Senger,eaddlestone13@prweb.com,8233
LE-652-39570,OP-270-17803,ACC-452-83445,OR-708-00626,QU-201-32102,IN-748-70383,Software and Drivers,S-3h9809u2,"Mayert, Mills and Langosh",cprothero14@virginia.edu,6288
LE-655-49004,OP-866-42160,ACC-987-08123,OR-908-80822,QU-275-05129,IN-003-31824,Jarvis-5 T,A-1s3102u0,"Botsford, Nolan and Pouros",acostard15@booking.com,9306
LE-792-57757,OP-813-89802,ACC-041-95604,OR-889-31932,QU-828-41011,IN-331-37486,Print Bed,SP-7g2488r5,"Cruickshank, Bauch and Cummings",bhoulston16@360.cn,4859
LE-780-88236,OP-149-84860,ACC-347-00665,OR-386-67968,QU-766-06606,IN-542-70065,Jarvis-1 T,A-5q8351o1,Muller-O'Reilly,ssutherden17@nytimes.com,7820
LE-291-04054,OP-376-43953,ACC-076-63616,OR-784-62089,QU-813-21943,IN-517-03804,Filament,SP-4o9597q4,"Koelpin, Prosacco and Donnelly",sseakin18@squarespace.com,2975
LE-409-24441,OP-545-44110,ACC-163-49564,OR-582-90379,QU-894-33148,IN-898-89929,Mark-5,A-9i3568y3,Jaskolski-Kulas,aclapshaw19@ow.ly,4267
LE-883-08554,OP-871-72251,ACC-662-75454,OR-179-77221,QU-292-84117,IN-607-90931,Mark-10,A-0u7085f0,Schimmel-DuBuque,dleythley1a@redcross.org,5409
LE-714-47687,OP-405-26114,ACC-402-08138,OR-134-84620,QU-681-94316,IN-649-81287,Mark-1,A-4r4833h7,"Weimann, Anderson and Collins",mhickenbottom1b@guardian.co.uk,1381
LE-760-35759,OP-535-96025,ACC-343-54540,OR-369-01914,QU-785-46172,IN-976-91218,Print Bed,SP-7g2488r5,Bergnaum Inc,npayze1c@cpanel.net,7130
LE-510-18437,OP-601-84308,ACC-458-53009,OR-892-39156,QU-757-50058,IN-854-37887,Jarvis-1 T,A-5q8351o1,Bergnaum and Sons,mduchart1d@tuttocitta.it,6927
LE-938-86111,OP-520-52554,ACC-023-80750,OR-836-06273,QU-072-19466,IN-271-63982,Frame,SP-9o2014z5,"Hauck, Cormier and Schuster",rorwin1e@salon.com,4062
LE-480-99426,OP-569-03254,ACC-428-93427,OR-620-14608,QU-544-84807,IN-275-51630,Frame,SP-9o2014z5,O'Hara Group,khuyton1f@cyberchimps.com,5926
LE-123-89444,OP-249-91559,ACC-364-46167,OR-352-53761,QU-099-05197,IN-040-89568,Frame,SP-9o2014z5,"Cummings, Marks and Durgan",egough1g@slate.com,7494
LE-240-82955,OP-950-09527,ACC-102-54373,OR-196-64846,QU-580-35777,IN-259-95321,Controller Board,SP-6x5102j8,"Williamson, Jast and Mueller",hwiggin1h@cam.ac.uk,3921
LE-476-65069,OP-907-70019,ACC-115-73402,OR-368-78533,QU-220-41769,IN-680-77406,Mark-50,A-9o2147a8,Trantow-Conn,ldomesday1i@businesswire.com,5402
LE-064-42368,OP-170-48424,ACC-820-34996,OR-079-69826,QU-351-41001,IN-452-26306,Print Bed,SP-7g2488r5,Collier LLC,drosin1j@infoseek.co.jp,6824
LE-412-35155,OP-033-13922,ACC-668-22539,OR-803-46635,QU-601-16278,IN-734-65601,Belts,SP-1j3802q0,Bednar Inc,mprice1k@army.mil,4102
LE-253-95686,OP-522-14562,ACC-521-61716,OR-748-49727,QU-320-86618,IN-971-94242,Software and Drivers,S-3h9809u2,Heathcote Inc,kdinnis1l@csmonitor.com,3028
LE-811-07069,OP-421-02594,ACC-782-70646,OR-915-29653,QU-366-98204,IN-657-76617,Mark-50,A-9o2147a8,Lemke-Tromp,scutchee1m@symantec.com,8012
LE-409-52660,OP-687-70767,ACC-290-31865,OR-638-07598,QU-523-85764,IN-928-00333,Mark-1,A-4r4833h7,Cruickshank Inc,bposnett1n@google.com,8617
LE-853-41351,OP-021-02587,ACC-761-17714,OR-319-10273,QU-500-17658,IN-913-93445,Mark-50,A-9o2147a8,Schaefer-Rolfson,ablockley1o@prweb.com,6344
LE-960-25890,OP-852-36363,ACC-226-22607,OR-337-60712,QU-128-95328,IN-976-23032,Jarvis-1 T,A-5q8351o1,"Kuhic, Monahan and Champlin",dwylam1p@microsoft.com,5814
LE-387-98503,OP-471-75246,ACC-000-51871,OR-864-81388,QU-307-92251,IN-072-55114,Frame,SP-9o2014z5,"Kling, Kuhic and O'Hara",nscandred1q@ustream.tv,9080
LE-070-63198,OP-678-14038,ACC-309-32164,OR-160-14419,QU-370-30385,IN-866-36028,Belts,SP-1j3802q0,Kub LLC,icottam1r@wired.com,4630
LE-937-82838,OP-097-52407,ACC-440-34133,OR-139-98403,QU-685-84086,IN-425-96833,Print Bed,SP-7g2488r5,Runolfsdottir-Walker,njoll1s@forbes.com,7711
LE-606-48753,OP-420-27907,ACC-889-98787,OR-923-43847,QU-838-22666,IN-522-07386,Jarvis-5 T,A-1s3102u0,"Walker, Zulauf and White",mbenediktovich1t@ox.ac.uk,9508
LE-812-41335,OP-246-90266,ACC-350-83199,OR-191-76890,QU-788-34955,IN-968-11157,Jarvis-5 T,A-1s3102u0,Bechtelar-Jacobs,rpithie1u@webs.com,5804
LE-821-06745,OP-818-20380,ACC-902-63804,OR-538-30942,QU-629-71614,IN-459-76392,Mark-5,A-9i3568y3,Batz-Kling,hservice1v@godaddy.com,4459
LE-740-94549,OP-192-49752,ACC-524-99488,OR-270-20449,QU-604-12391,IN-780-13414,Mark-1,A-4r4833h7,"Kessler, Goodwin and Keebler",aloveitt1w@abc.net.au,10523
LE-210-12517,OP-934-77714,ACC-133-87173,OR-193-88978,QU-383-63614,IN-235-30496,Software and Drivers,S-3h9809u2,"Runolfsson, Lesch and Kuhic",sroiz1x@japanpost.jp,8955
LE-079-78369,OP-262-79575,ACC-108-50466,OR-142-65535,QU-155-84309,IN-821-53727,Mark-10,A-0u7085f0,"Halvorson, Connelly and Fadel",aroxby1y@sbwire.com,2916
LE-606-24669,OP-941-91426,ACC-141-83324,OR-597-75620,QU-842-01149,IN-663-77891,Jarvis-5 T,A-1s3102u0,Ferry Group,bklaiser1z@ning.com,8034
LE-033-70083,OP-224-41545,ACC-047-82398,OR-429-77784,QU-755-43191,IN-680-82628,Jarvis-5 T,A-1s3102u0,"Yost, Parker and Sauer",rhearns20@nbcnews.com,4841
LE-720-31605,OP-130-14851,ACC-841-37977,OR-153-24456,QU-057-37308,IN-802-41625,Frame,SP-9o2014z5,"Stracke, Lebsack and Emard",fhousaman21@miitbeian.gov.cn,10589
LE-928-16869,OP-303-20816,ACC-829-69928,OR-943-73308,QU-490-15733,IN-362-66789,Frame,SP-9o2014z5,Heidenreich-Dooley,rtickner22@blogtalkradio.com,4956
LE-201-69655,OP-223-42253,ACC-859-43633,OR-707-32401,QU-570-78220,IN-206-88809,Mark-5,A-9i3568y3,Morissette-Zulauf,dskullet23@youtu.be,8514
LE-013-47256,OP-895-88874,ACC-279-60669,OR-126-00458,QU-203-53915,IN-956-19124,Mark-5,A-9i3568y3,Howell-Deckow,mbrockwell24@prlog.org,9228
LE-451-28099,OP-596-32927,ACC-800-84094,OR-691-07457,QU-369-25245,IN-691-54938,Filament,SP-4o9597q4,Oberbrunner Group,fhruska25@irs.gov,4820
LE-385-22242,OP-370-23410,ACC-108-92243,OR-453-88517,QU-008-70627,IN-995-06775,Mark-1,A-4r4833h7,Pfannerstill-Braun,jdomingues26@marriott.com,6709
LE-989-83005,OP-247-00436,ACC-600-21413,OR-051-65235,QU-854-61526,IN-603-06055,Jarvis-5 T,A-1s3102u0,Robel-Robel,tborborough27@homestead.com,5195
LE-500-44272,OP-572-90997,ACC-343-63497,OR-945-97199,QU-587-47616,IN-090-99968,Print Bed,SP-7g2488r5,Lind Inc,zstroobant28@behance.net,8405
LE-987-10016,OP-028-51736,ACC-432-57938,OR-141-71005,QU-959-15382,IN-595-17105,Mark-5,A-9i3568y3,"Hirthe, Stark and Littel",kdoll29@nbcnews.com,6637
LE-559-51316,OP-692-20004,ACC-934-48543,OR-150-06645,QU-196-81532,IN-769-21027,Controller Board,SP-6x5102j8,"Dietrich, Jacobs and Hammes",fallam2a@mac.com,3109
LE-523-68050,OP-273-96912,ACC-096-17599,OR-759-75460,QU-266-49165,IN-038-44886,Mark-1,A-4r4833h7,Dicki-Dietrich,ymeco2b@smh.com.au,9021
LE-309-53133,OP-125-84672,ACC-688-71001,OR-975-71961,QU-568-76961,IN-244-62560,Mark-50,A-9o2147a8,"Weimann, VonRueden and Watsica",tbatchley2c@nifty.com,4898
LE-531-28400,OP-511-81669,ACC-873-45500,OR-217-54709,QU-824-85889,IN-017-83806,Controller Board,SP-6x5102j8,Legros-Abshire,avernall2d@spiegel.de,7906
LE-076-17451,OP-034-96570,ACC-475-04765,OR-630-38706,QU-618-01270,IN-082-69426,Frame,SP-9o2014z5,Kirlin-Aufderhar,abischop2e@ezinearticles.com,7551
LE-722-19716,OP-705-33721,ACC-620-29488,OR-911-50645,QU-543-88820,IN-263-46192,Controller Board,SP-6x5102j8,"Dicki, Heidenreich and O'Kon",drulf2f@chronoengine.com,9235
LE-863-69177,OP-232-43667,ACC-149-05873,OR-159-07871,QU-331-72276,IN-832-02530,Mark-10,A-0u7085f0,Koepp-Leuschke,pwohler2g@typepad.com,4913
LE-335-54543,OP-179-16955,ACC-578-25479,OR-928-02036,QU-277-94340,IN-609-35660,Filament,SP-4o9597q4,"Stamm, Hammes and Wiza",jflowith2h@list-manage.com,9489
LE-573-32892,OP-592-51272,ACC-090-75868,OR-078-64234,QU-631-23996,IN-918-06491,Mark-10,A-0u7085f0,Gulgowski-Mitchell,lglewe2i@squidoo.com,9760
LE-145-38823,OP-984-84233,ACC-718-36152,OR-186-57096,QU-411-27179,IN-552-58773,Frame,SP-9o2014z5,"Walker, Hyatt and Kuhn",hcharnley2j@furl.net,1723
LE-125-72597,OP-745-19466,ACC-665-04672,OR-893-99056,QU-426-83236,IN-482-89479,Controller Board,SP-6x5102j8,Powlowski and Sons,ibartholin2k@imgur.com,8966
LE-439-44774,OP-504-81845,ACC-447-62992,OR-960-13153,QU-035-77359,IN-115-41871,Filament,SP-4o9597q4,Powlowski-Kemmer,chabben2l@twitpic.com,5061
LE-147-05425,OP-736-72920,ACC-131-46861,OR-385-22706,QU-678-63222,IN-043-71633,Mark-10,A-0u7085f0,Lesch-Dicki,lposen2m@ask.com,8872
LE-162-25899,OP-638-01812,ACC-095-07034,OR-030-56867,QU-436-75356,IN-038-88483,Filament,SP-4o9597q4,Erdman Inc,cmorphey2n@cisco.com,2935
LE-955-42394,OP-331-53428,ACC-104-48828,OR-608-07536,QU-467-44249,IN-740-92262,Jarvis-1 T,A-5q8351o1,"Okuneva, Considine and Schulist",dmaccome2o@blogtalkradio.com,1673
LE-541-95868,OP-874-46255,ACC-689-63973,OR-663-83179,QU-762-86688,IN-141-94738,Mark-5,A-9i3568y3,Collins Group,nlivingstone2p@exblog.jp,4193
LE-748-90716,OP-254-52523,ACC-151-59369,OR-202-31976,QU-152-57775,IN-381-50628,Software and Drivers,S-3h9809u2,Lang-Gleason,ncorbet2q@harvard.edu,8563
LE-664-61534,OP-120-17566,ACC-003-40468,OR-523-48993,QU-250-45077,IN-914-00348,Frame,SP-9o2014z5,Bruen-Kerluke,isawyers2r@mit.edu,6609
LE-820-27065,OP-621-03200,ACC-476-56175,OR-361-60833,QU-717-60861,IN-410-08296,Mark-10,A-0u7085f0,"Nikolaus, Brown and Harris",ifellis2s@blog.com,4385
LE-110-95065,OP-290-56969,ACC-319-38157,OR-446-42293,QU-682-20078,IN-949-64063,Software and Drivers,S-3h9809u2,Mosciski Inc,vbraybrook2t@myspace.com,9816
LE-431-84555,OP-319-88999,ACC-786-41078,OR-150-52482,QU-768-99211,IN-472-63900,Jarvis-1 T,A-5q8351o1,"Klocko, Ledner and Rogahn",strudgion2u@chicagotribune.com,6003
LE-899-02273,OP-976-80447,ACC-217-94221,OR-640-34535,QU-810-12423,IN-265-75708,Jarvis-1 T,A-5q8351o1,Gutmann-Cronin,dgrigaut2v@g.co,2124
LE-162-78392,OP-908-60978,ACC-263-20893,OR-826-79233,QU-717-67310,IN-342-98012,Jarvis-1 T,A-5q8351o1,Lehner and Sons,roloinn2w@technorati.com,8708
LE-764-90571,OP-113-29614,ACC-311-87034,OR-794-08787,QU-876-01858,IN-976-01577,Controller Board,SP-6x5102j8,"Miller, Schowalter and Mills",mwickling2x@phoca.cz,7209
LE-542-45494,OP-582-33533,ACC-943-17286,OR-303-40378,QU-219-73605,IN-630-12423,Controller Board,SP-6x5102j8,Kunde-Leannon,mkhalid2y@ftc.gov,6137
LE-355-62585,OP-727-99171,ACC-225-31763,OR-074-11102,QU-599-46108,IN-302-47061,Software and Drivers,S-3h9809u2,Hansen-Keeling,aambrogio2z@answers.com,6673
LE-797-10512,OP-859-57821,ACC-454-22651,OR-029-20996,QU-415-45389,IN-444-73628,Mark-1,A-4r4833h7,Wiegand-Gulgowski,trymour30@dailymotion.com,6944
LE-499-75548,OP-279-76063,ACC-385-99115,OR-296-70686,QU-069-04360,IN-732-95597,Controller Board,SP-6x5102j8,Littel Group,cadie31@over-blog.com,2383
LE-414-70283,OP-994-76650,ACC-564-50978,OR-565-86709,QU-753-71710,IN-264-46408,Mark-5,A-9i3568y3,"Borer, Bernier and Kuhn",bbarwell32@adobe.com,6755
LE-574-72737,OP-053-10246,ACC-432-24632,OR-445-36476,QU-885-38655,IN-779-20848,Controller Board,SP-6x5102j8,"Feil, Wunsch and Trantow",dsnar33@fastcompany.com,3495
LE-259-37882,OP-523-54430,ACC-393-14864,OR-036-74922,QU-235-87433,IN-308-49497,Filament,SP-4o9597q4,Torphy-Daugherty,vhatchette34@feedburner.com,6354
LE-601-91072,OP-433-91473,ACC-199-94066,OR-648-24570,QU-835-83782,IN-580-06940,Mark-5,A-9i3568y3,Bradtke-Zemlak,limmer35@slideshare.net,6214
LE-286-73344,OP-906-59917,ACC-913-38365,OR-634-71519,QU-878-43603,IN-201-69971,Mark-10,A-0u7085f0,Cormier-Feil,rforty36@slate.com,8411
LE-798-00906,OP-050-34390,ACC-541-09830,OR-266-43726,QU-781-58097,IN-169-06188,Print Bed,SP-7g2488r5,Ledner LLC,dbabcock37@weebly.com,7788
LE-187-36709,OP-281-61684,ACC-995-58068,OR-712-22395,QU-279-14226,IN-864-75755,Mark-10,A-0u7085f0,Schamberger Group,amartinello38@domainmarket.com,3641
LE-028-71626,OP-889-15838,ACC-237-60887,OR-754-59980,QU-840-22178,IN-048-63883,Controller Board,SP-6x5102j8,Stark-Mueller,veastup39@issuu.com,5577
LE-000-42178,OP-438-38899,ACC-594-72724,OR-301-69629,QU-819-40220,IN-256-26197,Software and Drivers,S-3h9809u2,Krajcik LLC,lgodsal3a@yahoo.co.jp,5081
LE-115-12198,OP-409-36048,ACC-696-30885,OR-664-02698,QU-012-63508,IN-939-89561,Controller Board,SP-6x5102j8,Huels Group,gchatan3b@vinaora.com,6100
LE-603-91991,OP-966-03617,ACC-427-10376,OR-790-25073,QU-686-29634,IN-000-66838,Jarvis-5 T,A-1s3102u0,Jacobi LLC,aodoherty3c@ucoz.ru,5206
LE-498-70429,OP-712-96490,ACC-304-59932,OR-516-23541,QU-140-96708,IN-256-13947,Controller Board,SP-6x5102j8,Fisher LLC,ssiddele3d@cbc.ca,2626
LE-384-58781,OP-977-81752,ACC-612-03026,OR-201-29620,QU-290-70627,IN-846-55764,Frame,SP-9o2014z5,Wehner Group,lfort3e@blog.com,2225
LE-859-58225,OP-867-70506,ACC-379-68877,OR-631-65500,QU-573-29612,IN-351-23803,Jarvis-5 T,A-1s3102u0,"Mertz, Kozey and Kemmer",dassaf3f@samsung.com,3858
LE-060-86067,OP-093-91433,ACC-343-09216,OR-311-62775,QU-101-25747,IN-859-74216,Mark-10,A-0u7085f0,Schuppe-Weissnat,kvanthoff3g@washington.edu,3393
LE-686-91173,OP-586-20925,ACC-479-49466,OR-830-74520,QU-199-11596,IN-494-67174,Frame,SP-9o2014z5,"Stroman, Turner and Hermann",rsaynor3h@smugmug.com,7878
LE-995-80436,OP-657-47134,ACC-302-15010,OR-507-86717,QU-485-84402,IN-350-26257,Frame,SP-9o2014z5,"Grant, Becker and Stokes",fkleinhandler3i@hubpages.com,5817
LE-525-26813,OP-752-32851,ACC-234-82915,OR-214-55806,QU-760-01632,IN-512-03464,Mark-50,A-9o2147a8,Davis Inc,dsherville3j@cdc.gov,6097
LE-547-00580,OP-485-88888,ACC-075-78984,OR-126-41626,QU-978-45886,IN-707-50054,Belts,SP-1j3802q0,"Hayes, Jakubowski and Collins",gjenney3k@skyrock.com,4560
LE-762-04906,OP-240-11858,ACC-597-77059,OR-363-56755,QU-234-91240,IN-654-49115,Mark-5,A-9i3568y3,Padberg Group,lfleetham3l@printfriendly.com,8508
LE-514-33659,OP-983-55667,ACC-039-02610,OR-140-06450,QU-924-18601,IN-693-78340,Mark-1,A-4r4833h7,Willms LLC,dhenryson3m@disqus.com,4139
LE-031-13379,OP-457-42982,ACC-536-83154,OR-964-41122,QU-765-36738,IN-505-72346,Jarvis-5 T,A-1s3102u0,Harber Group,sgowing3n@shutterfly.com,7862
LE-863-94817,OP-034-39194,ACC-061-65967,OR-820-42259,QU-293-49406,IN-121-73609,Filament,SP-4o9597q4,"Waters, Bruen and Abshire",mambler3o@amazon.co.jp,5924
LE-597-30551,OP-062-34897,ACC-281-42907,OR-009-45134,QU-200-11650,IN-335-43351,Mark-10,A-0u7085f0,Jerde-Hamill,bspellworth3p@google.com.br,9105
LE-180-34388,OP-012-22887,ACC-604-87630,OR-197-76106,QU-413-57288,IN-244-93412,Controller Board,SP-6x5102j8,Haley and Sons,hschroder3q@tuttocitta.it,5516
LE-964-68341,OP-795-69502,ACC-860-78400,OR-308-64133,QU-499-36826,IN-827-63481,Mark-50,A-9o2147a8,Reynolds LLC,pdummigan3r@typepad.com,6814
LE-809-11117,OP-017-83942,ACC-657-96576,OR-468-40370,QU-508-03182,IN-237-92187,Mark-5,A-9i3568y3,"Zboncak, Kuhlman and Moore",abartolomeotti3s@ibm.com,7541
LE-767-00270,OP-759-21895,ACC-546-01757,OR-126-12596,QU-644-49815,IN-978-44377,Jarvis-1 T,A-5q8351o1,Blick LLC,wwebben3t@freewebs.com,4664
LE-566-50186,OP-671-56027,ACC-408-51469,OR-077-03389,QU-657-89313,IN-448-40338,Print Bed,SP-7g2488r5,Welch-Schmitt,jdyerson3u@sfgate.com,7476
LE-447-54155,OP-240-01944,ACC-769-96088,OR-738-07725,QU-983-12105,IN-138-49642,Frame,SP-9o2014z5,"Hessel, Yundt and Larkin",mpitson3v@mac.com,6545
LE-699-56819,OP-877-00832,ACC-871-04852,OR-431-63915,QU-630-50857,IN-966-50154,Software and Drivers,S-3h9809u2,Becker-Larkin,imcgrah3w@usgs.gov,9149
LE-068-06497,OP-530-72303,ACC-539-62143,OR-625-62316,QU-368-13375,IN-191-80658,Filament,SP-4o9597q4,Boyer-Kilback,alacotte3x@epa.gov,4880
LE-334-22526,OP-722-11632,ACC-979-19498,OR-294-71426,QU-779-36196,IN-222-75435,Software and Drivers,S-3h9809u2,Hessel and Sons,brobken3y@tinypic.com,4488
LE-888-30101,OP-361-82012,ACC-121-89129,OR-281-20973,QU-309-14518,IN-202-20274,Jarvis-1 T,A-5q8351o1,Dickinson and Sons,cbenner3z@bloglines.com,5027
LE-040-58527,OP-953-71107,ACC-666-21799,OR-563-60257,QU-493-72586,IN-774-88703,Mark-5,A-9i3568y3,Fadel Group,oformoy40@printfriendly.com,7345
LE-346-28127,OP-686-30174,ACC-489-10686,OR-439-65810,QU-229-53810,IN-623-29351,Mark-5,A-9i3568y3,"Fritsch, Cruickshank and Kuhn",saddington41@privacy.gov.au,5771
LE-468-58064,OP-592-68527,ACC-435-32054,OR-500-65415,QU-437-80805,IN-197-55705,Mark-5,A-9i3568y3,Eichmann-Nikolaus,ipennyman42@ucoz.ru,4800
LE-601-11298,OP-354-30922,ACC-996-44236,OR-935-78336,QU-233-31410,IN-749-96857,Jarvis-5 T,A-1s3102u0,Cremin Group,dsockell43@meetup.com,5469
LE-314-39559,OP-506-82339,ACC-352-20632,OR-986-14434,QU-371-62937,IN-925-92956,Mark-5,A-9i3568y3,"Bauch, Yundt and Kessler",skermitt44@digg.com,4977
LE-752-72541,OP-543-41081,ACC-846-14273,OR-514-23076,QU-433-70133,IN-844-40995,Filament,SP-4o9597q4,Parisian-Kemmer,mhamley45@amazonaws.com,4898
LE-859-71415,OP-526-57049,ACC-897-55228,OR-361-47009,QU-535-70127,IN-719-22304,Jarvis-5 T,A-1s3102u0,Schiller Inc,hduffil46@wunderground.com,11090
LE-144-53678,OP-380-62647,ACC-335-82923,OR-190-25333,QU-790-44548,IN-537-03598,Print Bed,SP-7g2488r5,Huels Group,bpontin47@is.gd,6717
LE-628-23928,OP-996-37123,ACC-667-51118,OR-016-16228,QU-355-23180,IN-139-16333,Mark-10,A-0u7085f0,O'Hara LLC,sjack48@microsoft.com,6666
LE-603-86211,OP-661-74011,ACC-323-13293,OR-097-15335,QU-729-99668,IN-846-48428,Mark-5,A-9i3568y3,"Mraz, Larkin and Schimmel",idelavaletteparisot49@tuttocitta.it,4634
LE-399-53349,OP-158-57239,ACC-897-14365,OR-365-35014,QU-995-71621,IN-923-10342,Software and Drivers,S-3h9809u2,"Considine, Wiegand and Veum",zyukhtin4a@youku.com,6478
LE-164-00782,OP-481-56698,ACC-998-74626,OR-550-58068,QU-758-35104,IN-278-85551,Mark-10,A-0u7085f0,Cole-Mitchell,emendus4b@360.cn,6267
LE-840-76688,OP-458-79906,ACC-014-95085,OR-787-96279,QU-745-22531,IN-397-19913,Jarvis-1 T,A-5q8351o1,"Schowalter, Quitzon and O'Keefe",rgerrard4c@last.fm,5272
LE-380-09462,OP-618-22909,ACC-534-46163,OR-318-40266,QU-916-27951,IN-946-37685,Software and Drivers,S-3h9809u2,"Jerde, Lueilwitz and Erdman",stither4d@auda.org.au,5561
LE-539-02317,OP-025-87809,ACC-606-98768,OR-966-63067,QU-528-99427,IN-822-69584,Mark-5,A-9i3568y3,"Jones, Steuber and Hermann",rdiboll4e@arizona.edu,4786
LE-691-94178,OP-147-85821,ACC-130-59021,OR-269-90276,QU-241-37695,IN-854-11707,Frame,SP-9o2014z5,Christiansen-Erdman,ngerge4f@symantec.com,4862
LE-041-19655,OP-383-20715,ACC-938-67648,OR-655-97916,QU-393-08187,IN-275-25409,Software and Drivers,S-3h9809u2,Ortiz-Greenholt,cmaiden4g@dell.com,4510
LE-891-32524,OP-137-34279,ACC-682-77521,OR-551-58953,QU-068-13509,IN-331-20295,Jarvis-1 T,A-5q8351o1,Nader Group,vandreacci4h@smugmug.com,8119
LE-233-52174,OP-301-81674,ACC-547-58813,OR-734-63451,QU-589-63842,IN-747-91623,Mark-5,A-9i3568y3,"Jakubowski, Volkman and Waters",hdilkes4i@umn.edu,7691
LE-772-44714,OP-445-49883,ACC-849-04227,OR-146-75910,QU-912-91157,IN-517-04355,Software and Drivers,S-3h9809u2,Hauck LLC,pcollingridge4j@mediafire.com,6310
LE-436-09976,OP-360-23598,ACC-966-25395,OR-207-98136,QU-827-93782,IN-447-44588,Jarvis-1 T,A-5q8351o1,Price LLC,obittany4k@moonfruit.com,7160
LE-614-22358,OP-144-31200,ACC-978-03592,OR-938-24017,QU-661-85639,IN-523-07954,Belts,SP-1j3802q0,"Jones, McCullough and Corkery",msmallacombe4l@springer.com,3714
LE-700-05087,OP-270-26380,ACC-608-80657,OR-428-25420,QU-986-28263,IN-140-08270,Mark-10,A-0u7085f0,"Dach, Ritchie and Lebsack",nbavage4m@reddit.com,9289
LE-082-27572,OP-971-59519,ACC-001-97189,OR-777-86325,QU-506-67971,IN-801-94500,Mark-50,A-9o2147a8,"Paucek, Ferry and Rogahn",jjost4n@oaic.gov.au,4040
LE-901-14729,OP-638-05304,ACC-763-18482,OR-759-65253,QU-374-45105,IN-850-96491,Mark-10,A-0u7085f0,O'Hara-Reinger,fmacteague4o@miibeian.gov.cn,6650
LE-826-05997,OP-555-60262,ACC-199-22870,OR-856-07025,QU-192-60715,IN-257-24086,Filament,SP-4o9597q4,Farrell-Homenick,jmckibbin4p@ocn.ne.jp,2813
LE-403-59082,OP-704-57589,ACC-589-56441,OR-236-51404,QU-324-92108,IN-772-11409,Filament,SP-4o9597q4,"Schulist, Mohr and Windler",nharme4q@timesonline.co.uk,8321
LE-250-04660,OP-911-65114,ACC-355-48464,OR-801-90483,QU-478-34345,IN-939-04533,Print Bed,SP-7g2488r5,"West, Hermann and Tillman",mpoyle4r@arstechnica.com,7476
LE-926-68800,OP-082-45194,ACC-035-74205,OR-782-50556,QU-580-37464,IN-347-09049,Jarvis-1 T,A-5q8351o1,"Ryan, Rutherford and Mertz",btagg4s@accuweather.com,6402
LE-837-14611,OP-262-53543,ACC-304-43230,OR-988-88738,QU-272-78591,IN-092-62822,Mark-1,A-4r4833h7,Jerde Inc,echew4t@goodreads.com,7950
LE-057-47254,OP-121-04843,ACC-014-40146,OR-656-04806,QU-314-64753,IN-807-59869,Belts,SP-1j3802q0,D'Amore-Abbott,msabberton4u@unc.edu,6303
LE-919-82354,OP-325-50849,ACC-591-49016,OR-060-14175,QU-330-40086,IN-563-39085,Controller Board,SP-6x5102j8,Fritsch and Sons,sbolt4v@hp.com,3809
LE-425-94253,OP-764-60366,ACC-668-48512,OR-224-69606,QU-479-58469,IN-431-89683,Mark-5,A-9i3568y3,Predovic Group,ccapper4w@ibm.com,9798
LE-334-67313,OP-678-21845,ACC-663-50367,OR-110-09222,QU-814-04280,IN-686-19757,Controller Board,SP-6x5102j8,Miller and Sons,cwalbrook4x@ca.gov,5511
LE-521-13620,OP-057-35214,ACC-913-44884,OR-888-03921,QU-386-21847,IN-150-93323,Mark-1,A-4r4833h7,Koch-Spencer,tdreier4y@indiatimes.com,7310
LE-073-35459,OP-946-51043,ACC-939-82415,OR-601-29522,QU-873-65716,IN-153-50305,Software and Drivers,S-3h9809u2,Bode-Schultz,dcremen4z@redcross.org,7350
LE-761-01767,OP-194-65746,ACC-084-97579,OR-823-48718,QU-602-13665,IN-752-42467,Print Bed,SP-7g2488r5,"Schulist, Gutkowski and Balistreri",stzar50@xing.com,4014
LE-036-60970,OP-014-09032,ACC-808-41401,OR-863-39119,QU-455-52925,IN-229-06434,Jarvis-5 T,A-1s3102u0,Nikolaus Inc,jpollington51@shareasale.com,4894
LE-229-27727,OP-766-93042,ACC-775-93108,OR-243-32515,QU-715-20337,IN-131-82220,Print Bed,SP-7g2488r5,"VonRueden, Kshlerin and Fadel",rupstone52@oaic.gov.au,2888
LE-093-87156,OP-941-40394,ACC-677-64352,OR-864-53993,QU-395-60160,IN-030-04589,Print Bed,SP-7g2488r5,Jakubowski LLC,qdigg53@si.edu,4852
LE-933-20263,OP-754-96485,ACC-341-11160,OR-338-80372,QU-667-70877,IN-926-48471,Controller Board,SP-6x5102j8,Kovacek-Kling,ajosowitz54@cnn.com,4388
LE-159-99110,OP-836-12910,ACC-989-69514,OR-347-66926,QU-298-34436,IN-067-71737,Print Bed,SP-7g2488r5,Shanahan-Quitzon,gstreetfield55@yale.edu,7264
LE-202-50341,OP-957-28212,ACC-494-14084,OR-187-31821,QU-281-00355,IN-215-10197,Belts,SP-1j3802q0,"Brakus, Haag and Johnson",mwickliffe56@google.nl,6721
LE-521-63322,OP-677-99240,ACC-646-44893,OR-828-65504,QU-075-29308,IN-930-56116,Frame,SP-9o2014z5,"Kunze, Bednar and Anderson",baubry57@hostgator.com,4122
LE-227-10458,OP-252-33966,ACC-971-43752,OR-202-98831,QU-344-54952,IN-679-71816,Filament,SP-4o9597q4,Abbott-Erdman,gdeave58@wordpress.org,6498
LE-132-54857,OP-117-67149,ACC-427-95152,OR-466-10848,QU-470-38631,IN-260-68497,Mark-1,A-4r4833h7,Gerlach-Stanton,jflecknell59@ask.com,2451
LE-565-16732,OP-796-82827,ACC-376-35647,OR-073-56381,QU-480-81328,IN-476-59341,Controller Board,SP-6x5102j8,Green-McKenzie,bthwaites5a@prnewswire.com,4532
LE-024-42325,OP-377-65142,ACC-510-50694,OR-438-29984,QU-072-33980,IN-751-55176,Mark-10,A-0u7085f0,Koelpin and Sons,hperutto5b@omniture.com,2104
LE-649-85450,OP-142-15282,ACC-223-67812,OR-103-82751,QU-471-77725,IN-512-58920,Mark-1,A-4r4833h7,"Blanda, Jaskolski and Mann",cgolsthorp5c@boston.com,6504
LE-157-70399,OP-611-69550,ACC-513-18962,OR-073-46326,QU-147-11762,IN-829-89928,Print Bed,SP-7g2488r5,White Inc,lcornell5d@nyu.edu,8436
LE-361-59599,OP-123-14906,ACC-180-19099,OR-893-18940,QU-744-19931,IN-224-85564,Mark-1,A-4r4833h7,McGlynn and Sons,gsqueers5e@amazon.co.uk,7233
LE-684-99146,OP-104-15330,ACC-932-40335,OR-886-96814,QU-412-17167,IN-249-07137,Mark-10,A-0u7085f0,Farrell LLC,dbidnall5f@macromedia.com,10073
LE-449-78016,OP-207-40062,ACC-290-38570,OR-176-94624,QU-361-77073,IN-886-19397,Mark-5,A-9i3568y3,"Strosin, Okuneva and Little",tspinetti5g@google.co.jp,2486
LE-844-60939,OP-085-41303,ACC-311-62745,OR-432-46090,QU-071-57730,IN-031-60911,Software and Drivers,S-3h9809u2,Pollich and Sons,chackinge5h@samsung.com,6193
LE-642-18436,OP-741-53613,ACC-860-27470,OR-578-76478,QU-355-24245,IN-178-21138,Mark-1,A-4r4833h7,Jaskolski-Stehr,mrykert5i@japanpost.jp,2816
LE-843-46173,OP-276-71537,ACC-181-57588,OR-490-63091,QU-234-06349,IN-006-45086,Controller Board,SP-6x5102j8,"Berge, Bogisich and Hayes",hseago5j@china.com.cn,5334
LE-743-97002,OP-181-91162,ACC-726-14995,OR-059-44591,QU-569-53809,IN-955-29037,Jarvis-1 T,A-5q8351o1,Schaefer LLC,bdurrans5k@ibm.com,4810
LE-367-62408,OP-006-79238,ACC-579-07823,OR-697-21523,QU-215-75955,IN-730-38152,Mark-5,A-9i3568y3,Nolan-Gusikowski,alivingston5l@hostgator.com,3737
LE-035-17516,OP-029-42114,ACC-935-63481,OR-100-88452,QU-948-61036,IN-096-31319,Controller Board,SP-6x5102j8,"Dickinson, Yost and Bernhard",kfrentz5m@nydailynews.com,10127
LE-101-04820,OP-392-46345,ACC-227-72535,OR-424-95786,QU-624-29783,IN-116-93524,Mark-1,A-4r4833h7,Hahn-Dietrich,lwesgate5n@tinyurl.com,2353
LE-565-72500,OP-225-26926,ACC-275-70154,OR-393-15511,QU-234-05694,IN-572-11271,Mark-5,A-9i3568y3,Kshlerin-Stiedemann,ggensavage5o@youtu.be,3864
LE-006-70538,OP-114-90240,ACC-707-57213,OR-880-37024,QU-001-58569,IN-051-08433,Belts,SP-1j3802q0,"Runolfsson, Parisian and Cronin",bdemetz5p@edublogs.org,6285
LE-277-74369,OP-452-77289,ACC-094-74351,OR-580-49314,QU-540-37863,IN-417-79178,Jarvis-5 T,A-1s3102u0,Boehm LLC,dshirley5q@studiopress.com,8208
LE-020-94137,OP-945-44597,ACC-169-09722,OR-642-71303,QU-955-87883,IN-837-76170,Mark-1,A-4r4833h7,Stroman Inc,ldoughton5r@fastcompany.com,9138
LE-964-54347,OP-887-73399,ACC-636-73746,OR-437-58283,QU-058-94442,IN-927-57748,Controller Board,SP-6x5102j8,Wilderman Inc,bhartwell5s@i2i.jp,5226
LE-749-51952,OP-338-93140,ACC-911-86486,OR-512-28651,QU-822-44524,IN-216-95569,Mark-1,A-4r4833h7,"Baumbach, Johnston and Gutmann",gmeardon5t@youku.com,7531
LE-895-22088,OP-775-82982,ACC-866-70050,OR-742-05090,QU-024-91718,IN-164-60586,Mark-5,A-9i3568y3,"Breitenberg, Wyman and Kertzmann",apidgeon5u@fc2.com,9086
LE-116-08837,OP-183-98267,ACC-333-46079,OR-232-37937,QU-229-50317,IN-105-11834,Jarvis-1 T,A-5q8351o1,Aufderhar-Bailey,gbaldinotti5v@mashable.com,6445
LE-055-41909,OP-470-61168,ACC-698-18378,OR-088-98598,QU-220-22856,IN-484-49251,Jarvis-1 T,A-5q8351o1,Stiedemann Inc,aumbers5w@google.co.uk,6067
LE-526-31043,OP-945-80129,ACC-345-25440,OR-618-12554,QU-738-08842,IN-046-96704,Filament,SP-4o9597q4,Powlowski Group,ajollie5x@google.co.uk,3623
LE-363-98693,OP-661-74276,ACC-115-82900,OR-851-04484,QU-012-34670,IN-881-22483,Mark-50,A-9o2147a8,Jenkins Group,gsabatini5y@linkedin.com,8206
LE-272-75327,OP-649-46334,ACC-044-01800,OR-091-40423,QU-542-17575,IN-768-46616,Print Bed,SP-7g2488r5,Reilly-Gleason,bgibbs5z@ucsd.edu,9335
LE-095-16806,OP-974-41632,ACC-966-50828,OR-811-76804,QU-540-05620,IN-670-66859,Filament,SP-4o9597q4,Heidenreich-Bradtke,vmcgriffin60@lycos.com,5828
LE-469-15809,OP-133-47155,ACC-243-53865,OR-017-43377,QU-512-58340,IN-073-02153,Controller Board,SP-6x5102j8,Hartmann Inc,rcorcoran61@unc.edu,6889
LE-810-27131,OP-160-93261,ACC-644-14340,OR-508-91508,QU-301-56158,IN-322-66699,Mark-50,A-9o2147a8,Graham-Wintheiser,ctitley62@creativecommons.org,3039
LE-794-90273,OP-251-11692,ACC-969-80012,OR-131-74884,QU-016-62429,IN-969-34242,Belts,SP-1j3802q0,"Haley, Larkin and Jakubowski",tromanet63@foxnews.com,1662
LE-281-07047,OP-104-04914,ACC-207-41993,OR-026-15166,QU-428-61185,IN-528-91212,Jarvis-5 T,A-1s3102u0,"Turner, Sipes and Lynch",mzambon64@istockphoto.com,5676
LE-115-62779,OP-513-12141,ACC-022-74331,OR-891-37135,QU-223-52482,IN-974-07118,Filament,SP-4o9597q4,DuBuque-Kassulke,pbuckland65@whitehouse.gov,6388
LE-748-56092,OP-620-63669,ACC-541-63038,OR-332-63311,QU-115-99746,IN-002-04624,Mark-5,A-9i3568y3,Walker-Greenholt,adurker66@indiegogo.com,3885
LE-866-71435,OP-457-00317,ACC-160-06132,OR-948-73749,QU-118-77589,IN-242-09966,Frame,SP-9o2014z5,Zieme LLC,aemmatt67@dedecms.com,5587
LE-047-79867,OP-033-41011,ACC-490-19566,OR-963-04693,QU-075-21477,IN-580-45960,Mark-1,A-4r4833h7,"Walker, Franecki and Fay",jduigenan68@jiathis.com,5342
LE-155-88826,OP-145-11740,ACC-388-16424,OR-351-84720,QU-519-46711,IN-035-05875,Jarvis-1 T,A-5q8351o1,"Rosenbaum, Gislason and Feil",cknock69@shinystat.com,7713
LE-374-94680,OP-061-74349,ACC-719-76312,OR-804-93219,QU-491-76200,IN-198-78287,Mark-1,A-4r4833h7,Treutel Group,edesremedios6a@g.co,8711
LE-177-38281,OP-718-11097,ACC-253-40586,OR-932-47965,QU-562-02090,IN-896-39853,Jarvis-5 T,A-1s3102u0,Aufderhar Group,skliement6b@admin.ch,7381
LE-962-98818,OP-777-07351,ACC-959-89251,OR-358-62706,QU-974-75144,IN-961-03996,Frame,SP-9o2014z5,McCullough Inc,omcleary6c@ed.gov,7557
LE-521-76636,OP-872-16861,ACC-747-21964,OR-363-61347,QU-473-63192,IN-635-97146,Mark-1,A-4r4833h7,Quitzon Group,edarlasson6d@ca.gov,7707
LE-138-90951,OP-925-77713,ACC-224-92167,OR-458-61764,QU-280-14041,IN-307-08903,Mark-50,A-9o2147a8,"Rogahn, Blanda and Kuhn",toconnell6e@acquirethisname.com,6949
LE-989-88387,OP-552-24697,ACC-203-17005,OR-648-45344,QU-199-71957,IN-308-33492,Jarvis-5 T,A-1s3102u0,Langosh Group,svansalzberger6f@myspace.com,9884
LE-842-79995,OP-209-73945,ACC-568-04611,OR-271-01037,QU-772-87308,IN-772-63271,Jarvis-1 T,A-5q8351o1,Greenholt-Orn,sdechelette6g@foxnews.com,8249
LE-441-37018,OP-536-98325,ACC-821-65031,OR-010-09086,QU-596-89538,IN-106-59488,Mark-5,A-9i3568y3,"Quitzon, Stoltenberg and Kassulke",djozefczak6h@shutterfly.com,4109
LE-122-95794,OP-144-38354,ACC-137-71009,OR-218-59422,QU-400-81483,IN-353-40578,Jarvis-1 T,A-5q8351o1,"McLaughlin, Mills and Sporer",kgrube6i@mashable.com,6969
LE-578-48549,OP-023-34902,ACC-920-80797,OR-933-54232,QU-468-13347,IN-888-04544,Jarvis-5 T,A-1s3102u0,Ritchie-Rodriguez,wdecourcy6j@cdc.gov,4567
LE-245-56624,OP-084-98493,ACC-645-63209,OR-720-89980,QU-754-36700,IN-309-71877,Mark-50,A-9o2147a8,Maggio-Powlowski,rficken6k@google.ca,2935
LE-691-80762,OP-341-78294,ACC-712-66274,OR-120-96901,QU-974-35345,IN-904-98198,Mark-1,A-4r4833h7,Mayert-Jakubowski,ldebruyne6l@nih.gov,7837
LE-817-29929,OP-975-40419,ACC-866-75302,OR-118-69132,QU-417-84863,IN-615-85748,Frame,SP-9o2014z5,Ullrich Inc,ehoff6m@imdb.com,5408
LE-490-69360,OP-389-50719,ACC-578-88503,OR-479-35471,QU-585-31028,IN-456-75260,Jarvis-1 T,A-5q8351o1,Pollich Inc,awoodstock6n@tuttocitta.it,5399
LE-832-52387,OP-273-02561,ACC-929-61288,OR-128-15883,QU-066-39326,IN-251-34449,Jarvis-1 T,A-5q8351o1,Ledner-King,hbrugsma6o@ucoz.com,7746
LE-540-59833,OP-799-68924,ACC-206-84126,OR-394-02661,QU-756-35309,IN-718-39376,Mark-10,A-0u7085f0,Lynch-Carter,rbrosoli6p@dailymotion.com,1658
LE-010-48895,OP-315-30440,ACC-771-82333,OR-443-69764,QU-878-60302,IN-972-87334,Mark-5,A-9i3568y3,Kerluke-Schmeler,dmasedon6q@wikispaces.com,6519
LE-725-03732,OP-042-99168,ACC-273-69984,OR-302-45749,QU-085-39342,IN-664-91675,Mark-5,A-9i3568y3,Howell and Sons,emaudlen6r@google.co.jp,7705
LE-365-66757,OP-337-09276,ACC-427-34971,OR-587-97732,QU-814-54204,IN-224-92886,Belts,SP-1j3802q0,Keebler-Schimmel,gkenninghan6s@usatoday.com,6221
LE-711-95433,OP-585-84933,ACC-468-11098,OR-469-93488,QU-608-19032,IN-909-89377,Mark-1,A-4r4833h7,"Pacocha, Daniel and Kozey",dshieber6t@squidoo.com,4208
LE-055-80438,OP-428-11030,ACC-931-50952,OR-845-26395,QU-297-31950,IN-837-94235,Software and Drivers,S-3h9809u2,"Jakubowski, Upton and Harris",lreditt6u@cloudflare.com,3057
LE-633-73711,OP-910-75925,ACC-911-11423,OR-542-47519,QU-565-42157,IN-294-02891,Controller Board,SP-6x5102j8,"Watsica, Hackett and Kshlerin",ddumbarton6v@oracle.com,9893
LE-540-59635,OP-963-11622,ACC-802-04634,OR-651-96463,QU-514-74848,IN-813-58449,Software and Drivers,S-3h9809u2,Kassulke-Kiehn,vcaras6w@themeforest.net,8444
LE-576-13274,OP-802-13550,ACC-791-48503,OR-193-26438,QU-693-09941,IN-023-43745,Mark-50,A-9o2147a8,"Treutel, Abshire and Hermann",tgatiss6x@china.com.cn,2472
LE-825-07362,OP-646-61860,ACC-867-64150,OR-028-89120,QU-069-63459,IN-660-35013,Print Bed,SP-7g2488r5,Upton-Swift,jperez6y@t.co,8798
LE-327-67675,OP-543-99973,ACC-910-11318,OR-506-62488,QU-114-49879,IN-232-91207,Print Bed,SP-7g2488r5,"Dibbert, Bruen and Connelly",cdalligan6z@dmoz.org,3986
LE-813-75694,OP-907-82562,ACC-040-32714,OR-252-93110,QU-199-78032,IN-138-20746,Frame,SP-9o2014z5,"Hodkiewicz, Howe and Beahan",jramalho70@mail.ru,6306
LE-294-19075,OP-578-47886,ACC-745-65367,OR-382-32517,QU-637-87574,IN-755-52783,Software and Drivers,S-3h9809u2,Corwin-Turner,eknowlson71@mac.com,2619
LE-775-02838,OP-330-00941,ACC-842-17479,OR-164-97502,QU-237-27799,IN-486-66436,Mark-1,A-4r4833h7,"Farrell, Carter and Mueller",mbysouth72@boston.com,8505
LE-429-04989,OP-200-27666,ACC-272-55356,OR-261-73010,QU-167-81532,IN-669-60799,Belts,SP-1j3802q0,Windler Inc,jgrombridge73@symantec.com,3539
LE-188-33230,OP-171-94946,ACC-612-27613,OR-001-49744,QU-696-52789,IN-099-63251,Software and Drivers,S-3h9809u2,"Torphy, Ryan and Reichert",bgerrett74@goo.gl,3526
LE-997-52087,OP-614-86868,ACC-215-56033,OR-564-94119,QU-800-32343,IN-605-15941,Belts,SP-1j3802q0,"Kuhn, Hermann and Wunsch",sogormally75@1und1.de,5251
LE-251-89905,OP-063-98162,ACC-408-42549,OR-156-15474,QU-792-65245,IN-021-12973,Mark-10,A-0u7085f0,"Fadel, Dicki and Lakin",aborgnet76@time.com,2352
LE-216-93709,OP-082-36484,ACC-804-43432,OR-942-10995,QU-689-70641,IN-227-54310,Belts,SP-1j3802q0,Dare Inc,rbondley77@slate.com,6011
LE-957-20069,OP-907-15833,ACC-658-47967,OR-814-88825,QU-719-70466,IN-433-76540,Filament,SP-4o9597q4,Prosacco-Kreiger,bprestige78@vistaprint.com,7148
LE-790-31765,OP-902-46712,ACC-328-33647,OR-267-08558,QU-460-07248,IN-420-15469,Jarvis-5 T,A-1s3102u0,"Langosh, Crist and Grant",cpossek79@omniture.com,1067
LE-010-08789,OP-835-96443,ACC-515-92311,OR-685-59249,QU-840-43005,IN-573-79080,Jarvis-1 T,A-5q8351o1,Barton LLC,pgouge7a@va.gov,7569
LE-991-07684,OP-682-32822,ACC-588-97088,OR-572-86819,QU-253-67638,IN-347-82046,Mark-50,A-9o2147a8,"Hagenes, McCullough and Schultz",cmungan7b@shinystat.com,9008
LE-820-22125,OP-398-76924,ACC-339-93326,OR-771-20242,QU-871-77918,IN-559-36014,Belts,SP-1j3802q0,Mills LLC,clendon7c@salon.com,5588
LE-373-67756,OP-812-05399,ACC-622-12495,OR-846-32505,QU-886-85440,IN-776-86492,Mark-50,A-9o2147a8,"Rippin, Jacobs and Gutmann",lballintyne7d@newsvine.com,5789
LE-566-79630,OP-080-27507,ACC-103-46574,OR-618-03479,QU-066-64191,IN-665-27044,Mark-1,A-4r4833h7,"Miller, Reichert and Koch",cgotcliff7e@eventbrite.com,8670
LE-299-11900,OP-056-62419,ACC-881-24883,OR-960-29228,QU-756-00604,IN-660-11913,Software and Drivers,S-3h9809u2,Dibbert-Daniel,ralflat7f@drupal.org,7017
LE-816-38581,OP-577-15530,ACC-948-87685,OR-861-91489,QU-492-90194,IN-118-80077,Frame,SP-9o2014z5,Beahan-Reynolds,cbarstowk7g@nps.gov,6111
LE-928-55636,OP-539-77919,ACC-003-58915,OR-221-08893,QU-906-78432,IN-458-74054,Mark-1,A-4r4833h7,Hilpert-Cummings,ifound7h@de.vu,6428
LE-953-71308,OP-318-72961,ACC-262-37113,OR-907-85276,QU-825-70550,IN-694-30843,Mark-10,A-0u7085f0,Grant LLC,cjanas7i@columbia.edu,6976
LE-692-34021,OP-408-18009,ACC-944-43455,OR-982-25202,QU-365-57587,IN-808-17595,Mark-10,A-0u7085f0,Wintheiser-Von,toliver7j@free.fr,6073
LE-719-66567,OP-336-01538,ACC-723-32732,OR-294-46230,QU-627-70768,IN-154-85950,Mark-50,A-9o2147a8,"Ruecker, Roberts and Lubowitz",lgillbe7k@reuters.com,3797
LE-558-91455,OP-820-73950,ACC-686-15151,OR-317-96232,QU-812-77909,IN-065-47608,Mark-50,A-9o2147a8,"Hudson, Weissnat and Bernhard",cgaynsford7l@loc.gov,3976
LE-605-12124,OP-256-96273,ACC-498-13967,OR-855-05865,QU-169-59603,IN-542-59171,Controller Board,SP-6x5102j8,Herzog-Daniel,klatham7m@macromedia.com,10121
LE-005-87382,OP-255-02717,ACC-908-50308,OR-267-46973,QU-586-39942,IN-333-19640,Mark-50,A-9o2147a8,Collins and Sons,aarmatys7n@usda.gov,8977
LE-148-91959,OP-431-59530,ACC-222-81975,OR-111-55853,QU-304-12266,IN-295-35296,Mark-5,A-9i3568y3,Konopelski-Gutkowski,tforestall7o@sitemeter.com,7897
LE-771-90817,OP-994-91297,ACC-508-73413,OR-181-16946,QU-534-67024,IN-299-74479,Print Bed,SP-7g2488r5,Gislason-Fadel,shandslip7p@jalbum.net,2617
LE-759-93177,OP-192-65522,ACC-374-37656,OR-496-90609,QU-950-88219,IN-247-84369,Frame,SP-9o2014z5,Nikolaus Group,cvest7q@ezinearticles.com,7034
LE-706-07217,OP-697-16070,ACC-397-16012,OR-219-94198,QU-034-21725,IN-652-45292,Controller Board,SP-6x5102j8,Kuhic-Beatty,agiercke7r@zimbio.com,3523
LE-583-55270,OP-131-31594,ACC-280-10310,OR-739-39200,QU-993-45905,IN-841-05965,Filament,SP-4o9597q4,DuBuque-Wisoky,omuscott7s@tumblr.com,8236
LE-327-86263,OP-021-33586,ACC-556-72268,OR-908-13742,QU-608-49958,IN-657-19564,Mark-1,A-4r4833h7,"Leuschke, Kuhlman and Bayer",titzkovwitch7t@springer.com,5352
LE-361-97249,OP-606-29611,ACC-503-98401,OR-963-99473,QU-747-55278,IN-115-64286,Controller Board,SP-6x5102j8,Ziemann LLC,lgalliard7u@chronoengine.com,7938
LE-432-49471,OP-191-47981,ACC-147-94439,OR-873-09211,QU-095-32451,IN-587-54679,Jarvis-5 T,A-1s3102u0,"Schulist, Cartwright and Kuvalis",daldcorn7v@51.la,3380
LE-133-79890,OP-642-14523,ACC-858-03363,OR-143-63271,QU-238-91373,IN-548-99144,Mark-5,A-9i3568y3,"Volkman, Skiles and Rodriguez",wcorfield7w@utexas.edu,7772
LE-903-06381,OP-603-92036,ACC-140-16814,OR-637-74156,QU-454-35750,IN-623-61838,Mark-50,A-9o2147a8,Hyatt Group,jalbisser7x@slideshare.net,4327
LE-572-45691,OP-059-90012,ACC-536-66840,OR-132-97705,QU-152-67771,IN-888-35397,Mark-5,A-9i3568y3,Feeney Inc,cjochanany7y@nature.com,7011
LE-097-33584,OP-806-60450,ACC-751-29703,OR-217-50770,QU-381-80984,IN-673-90073,Mark-50,A-9o2147a8,Hirthe Group,rspikins7z@wunderground.com,4627
LE-552-68990,OP-401-30237,ACC-006-59495,OR-545-47719,QU-675-67639,IN-039-90631,Filament,SP-4o9597q4,Ortiz LLC,sgeraghty80@wiley.com,2130
LE-155-55486,OP-997-75429,ACC-848-22428,OR-174-01837,QU-662-60464,IN-356-97467,Frame,SP-9o2014z5,Kohler-Tillman,cbulfoot81@dmoz.org,5065
LE-026-50338,OP-017-35248,ACC-151-80064,OR-862-42799,QU-635-43491,IN-268-23765,Mark-10,A-0u7085f0,Mills and Sons,slennon82@1688.com,3721
LE-762-63859,OP-441-06005,ACC-788-82306,OR-700-52839,QU-206-28044,IN-636-73220,Filament,SP-4o9597q4,"Fritsch, Emmerich and Glover",talmack83@prweb.com,3057
LE-947-82339,OP-617-58981,ACC-047-15109,OR-314-46058,QU-584-30124,IN-630-44570,Mark-10,A-0u7085f0,Nicolas-Harber,bdonohoe84@oakley.com,3151
LE-823-80124,OP-324-27142,ACC-494-36537,OR-648-96779,QU-164-08121,IN-048-69532,Mark-1,A-4r4833h7,Quigley Group,nolcot85@wordpress.com,4606
LE-156-17172,OP-629-87731,ACC-786-42799,OR-798-52910,QU-756-86793,IN-830-52470,Mark-1,A-4r4833h7,"Schowalter, Dietrich and Waelchi",nnutten86@google.nl,5521
LE-120-27883,OP-282-85104,ACC-560-56050,OR-231-75804,QU-041-86094,IN-742-10682,Mark-10,A-0u7085f0,Leffler Group,eboreland87@mediafire.com,9270
LE-585-78882,OP-532-02086,ACC-187-96732,OR-423-45317,QU-671-85259,IN-162-22279,Frame,SP-9o2014z5,Harvey-McDermott,gvidgeon88@nasa.gov,8018
LE-015-43151,OP-936-15523,ACC-780-18731,OR-395-66446,QU-395-88407,IN-963-41211,Frame,SP-9o2014z5,Cummerata-Spencer,gparram89@list-manage.com,9165
LE-741-25674,OP-060-01170,ACC-278-66439,OR-166-73055,QU-440-82692,IN-253-63806,Jarvis-5 T,A-1s3102u0,Dibbert LLC,cjenkinson8a@wsj.com,5642
LE-747-27705,OP-802-94939,ACC-205-19641,OR-291-19919,QU-639-40258,IN-505-06564,Software and Drivers,S-3h9809u2,Grant-Kessler,sdarycott8b@multiply.com,7865
LE-088-04251,OP-770-71745,ACC-174-08169,OR-962-69880,QU-085-28768,IN-031-91740,Frame,SP-9o2014z5,"Flatley, Hoppe and Herzog",borafferty8c@epa.gov,7830
LE-435-84990,OP-763-79364,ACC-748-32176,OR-849-86102,QU-834-96535,IN-183-02322,Software and Drivers,S-3h9809u2,"Beier, Parisian and Kertzmann",rhendin8d@army.mil,7400
LE-803-35723,OP-248-33774,ACC-745-52616,OR-816-90973,QU-769-20594,IN-466-12441,Controller Board,SP-6x5102j8,Simonis-Grimes,tthresher8e@msn.com,2458
LE-154-69520,OP-517-38446,ACC-160-62817,OR-792-41738,QU-950-30923,IN-228-37683,Jarvis-1 T,A-5q8351o1,"Runolfsson, Durgan and Hessel",mhaville8f@google.com,8250
LE-545-02624,OP-754-13509,ACC-400-25558,OR-492-92398,QU-073-33874,IN-701-84368,Mark-1,A-4r4833h7,Fritsch and Sons,gollive8g@nymag.com,8734
LE-494-41234,OP-662-74987,ACC-993-71440,OR-508-98727,QU-069-95456,IN-027-40336,Belts,SP-1j3802q0,Runte-Powlowski,ndunlap8h@php.net,2658
LE-914-42863,OP-058-27844,ACC-683-24336,OR-967-46893,QU-837-46888,IN-017-78199,Print Bed,SP-7g2488r5,Oberbrunner and Sons,lgiuron8i@wordpress.org,6774
LE-256-64942,OP-546-72183,ACC-123-67669,OR-365-32115,QU-819-56999,IN-004-19441,Software and Drivers,S-3h9809u2,Dickinson-Crist,tfuzzey8j@comcast.net,4595
LE-911-30839,OP-921-68676,ACC-917-06425,OR-560-16546,QU-858-57856,IN-779-39415,Controller Board,SP-6x5102j8,Aufderhar-Muller,khugh8k@webeden.co.uk,10122
LE-578-25122,OP-184-99040,ACC-093-06300,OR-979-18328,QU-228-28492,IN-071-77178,Belts,SP-1j3802q0,Barton LLC,mbourrel8l@geocities.com,9144
LE-099-36149,OP-871-21844,ACC-257-08310,OR-829-47922,QU-318-97868,IN-247-62785,Frame,SP-9o2014z5,Hoppe Group,dwaddingham8m@imdb.com,7909
LE-670-05137,OP-541-12457,ACC-900-16485,OR-932-14492,QU-072-18493,IN-440-71154,Jarvis-5 T,A-1s3102u0,Schultz Group,iovett8n@virginia.edu,4420
LE-575-44800,OP-628-61748,ACC-330-59988,OR-523-03819,QU-956-58509,IN-368-85494,Mark-50,A-9o2147a8,"Halvorson, Boyle and Kassulke",nsumpter8o@illinois.edu,7799
LE-396-10754,OP-584-81194,ACC-350-13170,OR-157-67976,QU-690-99162,IN-124-00174,Controller Board,SP-6x5102j8,Stokes-Spinka,fsperring8p@slideshare.net,4603
LE-207-54774,OP-645-14189,ACC-215-57388,OR-768-51326,QU-663-37921,IN-833-93250,Frame,SP-9o2014z5,Sanford-Larkin,ppenman8q@nyu.edu,6063
LE-551-98306,OP-383-43268,ACC-244-90941,OR-920-33887,QU-488-06187,IN-566-59308,Mark-1,A-4r4833h7,"Luettgen, Walter and Goyette",dkahler8r@statcounter.com,6518
LE-676-47259,OP-574-64110,ACC-347-34480,OR-798-67451,QU-398-32711,IN-893-33136,Mark-5,A-9i3568y3,Rogahn-Koch,echewter8s@addthis.com,7319
LE-028-93157,OP-355-30268,ACC-262-82531,OR-278-02234,QU-013-34335,IN-600-76212,Belts,SP-1j3802q0,West Inc,hkynson8t@freewebs.com,7792
LE-613-40117,OP-005-20135,ACC-179-68104,OR-769-85278,QU-798-56764,IN-095-66227,Print Bed,SP-7g2488r5,"Kuphal, Hackett and Welch",znewens8u@unblog.fr,4896
LE-008-29341,OP-996-06475,ACC-051-02834,OR-186-82548,QU-824-03174,IN-805-08231,Controller Board,SP-6x5102j8,Wilderman-Larkin,gmattosoff8v@princeton.edu,2707
LE-939-42453,OP-377-13074,ACC-869-52909,OR-806-16422,QU-270-25032,IN-052-10866,Filament,SP-4o9597q4,Eichmann Inc,bputson8w@mit.edu,6889
LE-610-43453,OP-976-53445,ACC-021-68445,OR-892-30213,QU-623-35836,IN-081-61263,Print Bed,SP-7g2488r5,Gulgowski Group,bslocum8x@salon.com,5164
LE-204-44587,OP-625-78363,ACC-818-25170,OR-520-21246,QU-692-94794,IN-577-79422,Mark-10,A-0u7085f0,Little and Sons,dlinton8y@nyu.edu,8685
LE-564-51562,OP-259-53598,ACC-690-44454,OR-903-97295,QU-708-80385,IN-930-75933,Jarvis-1 T,A-5q8351o1,"Goyette, Bednar and Gerlach",jcolbertson8z@comcast.net,4000
LE-709-17158,OP-989-64079,ACC-216-12969,OR-888-71514,QU-713-81768,IN-935-08986,Mark-1,A-4r4833h7,Pfeffer LLC,cstoffels90@unicef.org,7698
LE-535-43144,OP-435-68582,ACC-613-27326,OR-570-39229,QU-360-93445,IN-080-51440,Mark-50,A-9o2147a8,"Sipes, Keebler and McKenzie",tchristofle91@behance.net,5947
LE-270-32619,OP-965-97339,ACC-193-08145,OR-397-66323,QU-821-97523,IN-122-27522,Software and Drivers,S-3h9809u2,"Hilll, Lubowitz and Hane",mriddall92@wired.com,1156
LE-177-84040,OP-734-19177,ACC-163-91335,OR-007-30861,QU-387-12845,IN-005-24959,Filament,SP-4o9597q4,Ryan and Sons,mbilverstone93@ucsd.edu,4307
LE-038-38830,OP-041-82455,ACC-713-36586,OR-186-99983,QU-927-71385,IN-514-24034,Filament,SP-4o9597q4,Lesch LLC,sbudik94@cnet.com,7413
LE-109-58227,OP-039-57754,ACC-899-21432,OR-978-34455,QU-884-69911,IN-391-66103,Jarvis-5 T,A-1s3102u0,Gusikowski and Sons,sfeavearyear95@blogspot.com,8059
LE-837-61247,OP-675-41695,ACC-721-31731,OR-284-80723,QU-468-72928,IN-044-12813,Mark-10,A-0u7085f0,"Schumm, Doyle and Vandervort",lclabburn96@instagram.com,4367
LE-984-49581,OP-753-75286,ACC-369-99630,OR-872-93603,QU-586-20160,IN-492-72239,Mark-50,A-9o2147a8,Frami Group,jrayworth97@t.co,7137
LE-617-90757,OP-455-66775,ACC-059-67506,OR-439-45692,QU-223-04247,IN-522-91599,Mark-5,A-9i3568y3,Mann Group,hharnes98@stanford.edu,2774
LE-299-42691,OP-014-67059,ACC-047-26247,OR-575-34540,QU-087-35309,IN-006-15703,Jarvis-1 T,A-5q8351o1,Reichel-Goldner,egannan99@dropbox.com,5318
LE-134-68117,OP-106-16643,ACC-213-43025,OR-887-57047,QU-407-85609,IN-319-94426,Jarvis-1 T,A-5q8351o1,Satterfield-Corwin,zmorando9a@un.org,6665
LE-736-90086,OP-755-24393,ACC-236-57326,OR-894-68055,QU-294-88766,IN-839-80809,Controller Board,SP-6x5102j8,Krajcik-Bernier,ocarter9b@trellian.com,3933
LE-493-74554,OP-958-71744,ACC-699-67938,OR-552-31054,QU-831-62878,IN-600-51153,Belts,SP-1j3802q0,"VonRueden, Bins and Bartell",gcouzens9c@cbc.ca,5895
LE-394-26277,OP-162-12046,ACC-746-71450,OR-417-74456,QU-987-78065,IN-313-26011,Print Bed,SP-7g2488r5,Luettgen-Jacobi,aebbotts9d@vistaprint.com,7007
LE-090-14892,OP-938-49269,ACC-907-44462,OR-608-68854,QU-252-62421,IN-037-89515,Mark-1,A-4r4833h7,"Skiles, Harris and Lehner",nmenis9e@google.nl,9509
LE-077-98731,OP-777-19795,ACC-213-62127,OR-400-36942,QU-223-91276,IN-129-33384,Controller Board,SP-6x5102j8,"Ullrich, Heidenreich and Kling",rloudon9f@wikia.com,6298
LE-674-41782,OP-492-25932,ACC-550-00150,OR-840-79677,QU-817-34628,IN-814-48560,Belts,SP-1j3802q0,"Zboncak, Veum and Ritchie",ssilversmid9g@addthis.com,7008
LE-332-91225,OP-634-72231,ACC-638-05072,OR-115-89903,QU-155-81505,IN-918-34674,Filament,SP-4o9597q4,"Kuhlman, Doyle and Olson",eescoffier9h@whitehouse.gov,3635
LE-609-99913,OP-827-53285,ACC-236-32257,OR-731-84338,QU-554-00386,IN-415-33109,Controller Board,SP-6x5102j8,Boyer LLC,cdran9i@disqus.com,2320
LE-082-03852,OP-224-00010,ACC-845-62889,OR-700-75072,QU-953-56467,IN-229-37471,Mark-10,A-0u7085f0,"Beier, Tremblay and Jones",mhehnke9j@uol.com.br,6351
LE-587-67999,OP-831-85580,ACC-444-63652,OR-228-43332,QU-035-59518,IN-488-69363,Belts,SP-1j3802q0,"O'Keefe, Marvin and Ernser",jbehnke9k@goo.ne.jp,1790
LE-016-42182,OP-045-90859,ACC-098-22726,OR-118-80360,QU-460-84095,IN-164-00773,Jarvis-5 T,A-1s3102u0,Cartwright Group,mlong9l@hao123.com,8629
LE-637-82203,OP-194-41089,ACC-264-75564,OR-902-87946,QU-462-60912,IN-383-82441,Frame,SP-9o2014z5,Schroeder-Keebler,jdemeza9m@netscape.com,7061
LE-743-31352,OP-488-28306,ACC-535-47726,OR-287-92031,QU-136-46828,IN-971-65717,Filament,SP-4o9597q4,Hand-Wunsch,rboggis9n@cpanel.net,3759
LE-624-15500,OP-643-87366,ACC-047-45361,OR-006-92714,QU-114-00278,IN-526-55063,Frame,SP-9o2014z5,"Effertz, Parker and Rice",mhartwell9o@state.tx.us,3958
LE-353-65051,OP-702-20777,ACC-761-18782,OR-160-89047,QU-040-49346,IN-106-42032,Mark-1,A-4r4833h7,Robel Inc,cbelshaw9p@joomla.org,6449
LE-169-23466,OP-211-19089,ACC-699-42042,OR-518-94831,QU-438-45710,IN-360-54016,Mark-50,A-9o2147a8,"Pouros, Windler and Runolfsdottir",mklimkowski9q@disqus.com,8783
LE-841-44516,OP-531-87387,ACC-450-85585,OR-957-17696,QU-949-16148,IN-470-67304,Controller Board,SP-6x5102j8,"Langosh, White and Balistreri",rolorenshaw9r@newyorker.com,7108
LE-087-56626,OP-477-97231,ACC-548-26553,OR-031-43992,QU-184-76970,IN-903-45747,Mark-10,A-0u7085f0,Schmidt-Lockman,etunnick9s@eventbrite.com,3806
LE-265-02936,OP-009-03936,ACC-588-29126,OR-643-88768,QU-200-26501,IN-871-61378,Filament,SP-4o9597q4,"Collins, Jast and Gerlach",mmorgen9t@webeden.co.uk,9164
LE-564-82125,OP-923-49643,ACC-762-02147,OR-285-17574,QU-689-15944,IN-210-99460,Mark-5,A-9i3568y3,Jakubowski Inc,akeysall9u@people.com.cn,7375
LE-902-07805,OP-805-80646,ACC-969-78400,OR-266-37718,QU-420-81112,IN-625-53732,Mark-5,A-9i3568y3,Zboncak-Doyle,dwhitcombe9v@arstechnica.com,5234
LE-411-36473,OP-778-95498,ACC-663-99615,OR-557-60100,QU-782-60619,IN-090-14569,Print Bed,SP-7g2488r5,"Heathcote, Hane and DuBuque",mtixall9w@nymag.com,2901
LE-096-86113,OP-638-78876,ACC-012-19599,OR-990-00071,QU-753-00386,IN-179-91573,Jarvis-5 T,A-1s3102u0,Ondricka Group,mannand9x@ustream.tv,7204
LE-168-27528,OP-696-08311,ACC-184-50332,OR-778-88339,QU-687-94075,IN-024-50688,Mark-10,A-0u7085f0,"McGlynn, Turcotte and Ernser",fcluett9y@barnesandnoble.com,10570
LE-454-36739,OP-497-30543,ACC-594-53223,OR-907-44552,QU-862-94795,IN-012-97689,Mark-1,A-4r4833h7,"Runte, Abernathy and Macejkovic",sskarin9z@liveinternet.ru,5377
LE-512-93192,OP-240-57103,ACC-852-26552,OR-261-44065,QU-017-34800,IN-918-16323,Frame,SP-9o2014z5,Spencer-Schowalter,ewiggama0@chicagotribune.com,4879
LE-572-39676,OP-305-65621,ACC-281-17678,OR-226-81836,QU-050-32846,IN-454-23800,Jarvis-1 T,A-5q8351o1,"Schmidt, Kling and Herman",kclaraea1@example.com,3735
LE-844-59345,OP-717-22208,ACC-237-83693,OR-393-62266,QU-249-65280,IN-804-57561,Mark-50,A-9o2147a8,"Armstrong, Barton and Nolan",kliepinsa2@jiathis.com,3419
LE-193-64460,OP-524-24835,ACC-868-08927,OR-305-51625,QU-482-22521,IN-571-50842,Frame,SP-9o2014z5,"Schmitt, Metz and Spencer",rphizackerlya3@princeton.edu,5765
LE-275-49526,OP-827-98212,ACC-314-23595,OR-270-43077,QU-295-20579,IN-741-02382,Frame,SP-9o2014z5,Blanda Inc,vtowsona4@reddit.com,3679
