Opp_ID,Lead_ID,Product_ID,Product Name,Organisation,Email ID,Created On,Close Date,Revenue
OP-690-56387,LE-531-09903,A-4r4833h7,Mark-1,McCullough Inc,emorey0@list-manage.com,05/22/2017,11/14/2017,5809
OP-826-82955,LE-507-46106,SP-7g2488r5,Print Bed,Weber Group,rperott1@imgur.com,07/29/2017,11/09/2017,2394
OP-708-56841,LE-479-49953,SP-9o2014z5,Frame,O'Keefe LLC,cdumini2@rambler.ru,06/19/2017,01/19/2018,7054
OP-173-54718,LE-554-97497,SP-1j3802q0,Belts,"McDermott, Bahringer and Gislason",bcastellaccio3@ucsd.edu,04/15/2017,02/15/2018,4893
OP-492-77499,LE-054-33465,A-9o2147a8,Mark-50,Wehner Inc,kbehagg4@xing.com,03/24/2017,10/21/2017,1655
OP-020-80167,LE-538-14152,A-9i3568y3,Mark-5,Feil Group,lbevens5@ucsd.edu,03/12/2017,12/27/2017,5009
OP-925-72989,LE-452-27589,A-4r4833h7,Mark-1,Ernser and Sons,nlukasik6@vimeo.com,05/27/2017,12/06/2017,5952
OP-262-81966,LE-201-26087,SP-1j3802q0,Belts,"Bogisich, Langosh and Walter",waddy7@weebly.com,04/03/2017,02/09/2018,4775
OP-419-90171,LE-340-71737,A-4r4833h7,Mark-1,Marvin-Keebler,lbendle8@blogs.com,04/05/2017,10/04/2017,4935
OP-171-53545,LE-184-60823,A-4r4833h7,Mark-1,Homenick Group,urumgay9@istockphoto.com,07/29/2017,02/19/2018,5985
OP-194-86664,LE-365-34728,SP-1j3802q0,Belts,Boyer-Frami,jgalpina@lycos.com,05/07/2017,01/05/2018,7108
OP-885-73596,LE-920-65471,A-9o2147a8,Mark-50,Fay-Lueilwitz,tjandlb@surveymonkey.com,03/05/2017,10/28/2017,5380
OP-372-58981,LE-169-04046,A-9o2147a8,Mark-50,"O'Kon, Hackett and Legros",clicencec@nasa.gov,06/14/2017,02/18/2018,5485
OP-687-67970,LE-952-74716,SP-4o9597q4,Filament,Emmerich-Smitham,drohlfsd@forbes.com,05/24/2017,12/09/2017,8056
OP-108-91685,LE-856-96192,SP-7g2488r5,Print Bed,Mertz-Huels,mbushere@com.com,04/06/2017,01/15/2018,7275
OP-030-66102,LE-665-99388,SP-7g2488r5,Print Bed,Lockman Inc,crubinlichtf@discuz.net,06/28/2017,11/17/2017,7470
OP-694-93253,LE-316-29541,A-9o2147a8,Mark-50,"Stoltenberg, Pacocha and Brekke",adeavesg@fastcompany.com,06/29/2017,02/09/2018,3880
OP-173-03446,LE-995-06192,A-0u7085f0,Mark-10,"Hane, Feeney and Herzog",mmarlowh@nydailynews.com,05/12/2017,11/14/2017,8158
OP-631-21449,LE-310-72978,A-9o2147a8,Mark-50,Larson LLC,rcarmonti@google.fr,04/09/2017,10/02/2017,8017
OP-036-12333,LE-689-85994,SP-6x5102j8,Controller Board,Fisher LLC,ksnelgrovej@jalbum.net,07/19/2017,01/21/2018,10625
OP-608-83560,LE-660-83151,A-5q8351o1,Jarvis-1 T,"Grady, Kuphal and Kessler",cbucherk@google.ca,04/08/2017,02/08/2018,7024
OP-632-68884,LE-109-03173,A-0u7085f0,Mark-10,Fisher-Bartoletti,dtumilityl@amazon.de,07/28/2017,11/24/2017,6811
OP-912-13615,LE-935-62365,SP-4o9597q4,Filament,Ortiz LLC,wbelshamm@squidoo.com,03/16/2017,11/23/2017,3468
OP-726-85494,LE-791-15984,A-4r4833h7,Mark-1,Moen-Kuvalis,emackereln@ucoz.ru,03/17/2017,11/17/2017,4434
OP-584-64719,LE-153-50281,SP-4o9597q4,Filament,"Mills, Bernier and Nienow",fdegregorioo@sohu.com,04/27/2017,11/14/2017,6129
OP-376-52470,LE-942-45831,A-4r4833h7,Mark-1,"Mayert, Heidenreich and Von",agoodhallp@sun.com,07/16/2017,01/24/2018,6762
OP-979-48253,LE-939-39135,SP-9o2014z5,Frame,Kautzer-Ferry,rvalderq@clickbank.net,03/31/2017,10/14/2017,5332
OP-501-03353,LE-067-99135,SP-4o9597q4,Filament,Hyatt LLC,adominichellir@buzzfeed.com,03/28/2017,11/25/2017,10300
OP-579-68574,LE-167-36851,A-1s3102u0,Jarvis-5 T,"Rogahn, Gottlieb and Bernier",jlivingstons@wikispaces.com,06/22/2017,01/29/2018,3498
OP-909-42448,LE-774-20582,A-4r4833h7,Mark-1,Kuhlman LLC,ageekiet@buzzfeed.com,05/14/2017,11/08/2017,8696
OP-402-67681,LE-602-62064,SP-7g2488r5,Print Bed,Veum-Kunze,sdobbinsu@unc.edu,05/07/2017,12/17/2017,8400
OP-849-26212,LE-301-53723,SP-7g2488r5,Print Bed,"Bashirian, Nader and Johnston",dhalloranv@ca.gov,03/19/2017,11/21/2017,5389
OP-921-60481,LE-867-84638,SP-6x5102j8,Controller Board,"Breitenberg, Bednar and Mitchell",escourfieldw@homestead.com,06/27/2017,01/08/2018,6960
OP-231-33514,LE-308-65296,A-9o2147a8,Mark-50,Kirlin and Sons,fbernotx@icq.com,03/16/2017,01/17/2018,6875
OP-349-35719,LE-899-55733,A-1s3102u0,Jarvis-5 T,Luettgen-Cruickshank,btremmely@state.gov,07/28/2017,11/15/2017,7546
OP-893-16960,LE-079-08583,A-1s3102u0,Jarvis-5 T,"Runolfsdottir, Lind and Roberts",lmuxworthyz@ifeng.com,04/18/2017,02/11/2018,5776
OP-076-49401,LE-647-86404,A-9i3568y3,Mark-5,Quitzon-Blanda,vtheseira10@1und1.de,06/07/2017,02/25/2018,6665
OP-666-97724,LE-856-41325,SP-4o9597q4,Filament,Hand Inc,jbynold11@ox.ac.uk,05/31/2017,10/07/2017,4332
OP-341-28355,LE-636-40511,A-4r4833h7,Mark-1,Hane Inc,sbanasevich12@elpais.com,06/22/2017,11/23/2017,8451
OP-566-01055,LE-806-34670,SP-9o2014z5,Frame,Shanahan-Senger,eaddlestone13@prweb.com,06/21/2017,01/28/2018,8233
OP-270-17803,LE-497-01919,S-3h9809u2,Software and Drivers,"Mayert, Mills and Langosh",cprothero14@virginia.edu,06/18/2017,10/15/2017,6288
OP-866-42160,LE-152-60786,A-1s3102u0,Jarvis-5 T,"Botsford, Nolan and Pouros",acostard15@booking.com,06/07/2017,02/26/2018,9306
OP-813-89802,LE-421-28694,SP-7g2488r5,Print Bed,"Cruickshank, Bauch and Cummings",bhoulston16@360.cn,03/27/2017,12/15/2017,4859
OP-149-84860,LE-514-52971,A-5q8351o1,Jarvis-1 T,Muller-O'Reilly,ssutherden17@nytimes.com,07/22/2017,10/13/2017,7820
OP-376-43953,LE-462-93759,SP-4o9597q4,Filament,"Koelpin, Prosacco and Donnelly",sseakin18@squarespace.com,03/19/2017,10/13/2017,2975
OP-545-44110,LE-185-98997,A-9i3568y3,Mark-5,Jaskolski-Kulas,aclapshaw19@ow.ly,03/27/2017,01/29/2018,4267
OP-871-72251,LE-758-36366,A-0u7085f0,Mark-10,Schimmel-DuBuque,dleythley1a@redcross.org,04/08/2017,10/02/2017,5409
OP-405-26114,LE-611-37778,A-4r4833h7,Mark-1,"Weimann, Anderson and Collins",mhickenbottom1b@guardian.co.uk,05/05/2017,12/06/2017,1381
OP-535-96025,LE-980-06089,SP-7g2488r5,Print Bed,Bergnaum Inc,npayze1c@cpanel.net,03/26/2017,11/08/2017,7130
OP-601-84308,LE-517-46372,A-5q8351o1,Jarvis-1 T,Bergnaum and Sons,mduchart1d@tuttocitta.it,03/05/2017,02/26/2018,6927
OP-520-52554,LE-846-71792,SP-9o2014z5,Frame,"Hauck, Cormier and Schuster",rorwin1e@salon.com,07/06/2017,10/11/2017,4062
OP-569-03254,LE-225-66344,SP-9o2014z5,Frame,O'Hara Group,khuyton1f@cyberchimps.com,07/30/2017,01/09/2018,5926
OP-249-91559,LE-138-31757,SP-9o2014z5,Frame,"Cummings, Marks and Durgan",egough1g@slate.com,03/24/2017,01/18/2018,7494
OP-950-09527,LE-719-09113,SP-6x5102j8,Controller Board,"Williamson, Jast and Mueller",hwiggin1h@cam.ac.uk,07/20/2017,01/27/2018,3921
OP-907-70019,LE-371-44002,A-9o2147a8,Mark-50,Trantow-Conn,ldomesday1i@businesswire.com,06/30/2017,10/27/2017,5402
OP-170-48424,LE-773-95651,SP-7g2488r5,Print Bed,Collier LLC,drosin1j@infoseek.co.jp,03/10/2017,11/27/2017,6824
OP-033-13922,LE-025-79369,SP-1j3802q0,Belts,Bednar Inc,mprice1k@army.mil,03/26/2017,10/05/2017,4102
OP-522-14562,LE-285-51112,S-3h9809u2,Software and Drivers,Heathcote Inc,kdinnis1l@csmonitor.com,07/24/2017,01/22/2018,3028
OP-421-02594,LE-012-82159,A-9o2147a8,Mark-50,Lemke-Tromp,scutchee1m@symantec.com,07/20/2017,10/07/2017,8012
OP-687-70767,LE-385-28694,A-4r4833h7,Mark-1,Cruickshank Inc,bposnett1n@google.com,07/28/2017,10/15/2017,8617
OP-021-02587,LE-191-80671,A-9o2147a8,Mark-50,Schaefer-Rolfson,ablockley1o@prweb.com,06/14/2017,01/20/2018,6344
OP-852-36363,LE-787-16582,A-5q8351o1,Jarvis-1 T,"Kuhic, Monahan and Champlin",dwylam1p@microsoft.com,05/11/2017,10/08/2017,5814
OP-471-75246,LE-883-02853,SP-9o2014z5,Frame,"Kling, Kuhic and O'Hara",nscandred1q@ustream.tv,05/13/2017,10/02/2017,9080
OP-678-14038,LE-864-84374,SP-1j3802q0,Belts,Kub LLC,icottam1r@wired.com,06/10/2017,12/09/2017,4630
OP-097-52407,LE-552-71854,SP-7g2488r5,Print Bed,Runolfsdottir-Walker,njoll1s@forbes.com,07/11/2017,02/26/2018,7711
OP-420-27907,LE-607-31477,A-1s3102u0,Jarvis-5 T,"Walker, Zulauf and White",mbenediktovich1t@ox.ac.uk,03/13/2017,10/26/2017,9508
OP-246-90266,LE-398-63646,A-1s3102u0,Jarvis-5 T,Bechtelar-Jacobs,rpithie1u@webs.com,04/04/2017,12/19/2017,5804
OP-818-20380,LE-008-37816,A-9i3568y3,Mark-5,Batz-Kling,hservice1v@godaddy.com,07/11/2017,10/17/2017,4459
OP-192-49752,LE-104-71028,A-4r4833h7,Mark-1,"Kessler, Goodwin and Keebler",aloveitt1w@abc.net.au,07/30/2017,01/10/2018,10523
OP-934-77714,LE-102-46582,S-3h9809u2,Software and Drivers,"Runolfsson, Lesch and Kuhic",sroiz1x@japanpost.jp,04/09/2017,10/20/2017,8955
OP-262-79575,LE-244-20585,A-0u7085f0,Mark-10,"Halvorson, Connelly and Fadel",aroxby1y@sbwire.com,05/26/2017,10/05/2017,2916
OP-941-91426,LE-366-42468,A-1s3102u0,Jarvis-5 T,Ferry Group,bklaiser1z@ning.com,06/07/2017,12/18/2017,8034
OP-224-41545,LE-318-78380,A-1s3102u0,Jarvis-5 T,"Yost, Parker and Sauer",rhearns20@nbcnews.com,04/26/2017,01/19/2018,4841
OP-130-14851,LE-994-50609,SP-9o2014z5,Frame,"Stracke, Lebsack and Emard",fhousaman21@miitbeian.gov.cn,03/10/2017,11/30/2017,10589
OP-303-20816,LE-607-15787,SP-9o2014z5,Frame,Heidenreich-Dooley,rtickner22@blogtalkradio.com,06/07/2017,10/09/2017,4956
OP-223-42253,LE-104-33746,A-9i3568y3,Mark-5,Morissette-Zulauf,dskullet23@youtu.be,04/25/2017,11/11/2017,8514
OP-895-88874,LE-858-99866,A-9i3568y3,Mark-5,Howell-Deckow,mbrockwell24@prlog.org,06/10/2017,10/13/2017,9228
OP-596-32927,LE-539-15992,SP-4o9597q4,Filament,Oberbrunner Group,fhruska25@irs.gov,06/11/2017,01/25/2018,4820
OP-370-23410,LE-490-02525,A-4r4833h7,Mark-1,Pfannerstill-Braun,jdomingues26@marriott.com,07/22/2017,11/18/2017,6709
OP-247-00436,LE-832-79922,A-1s3102u0,Jarvis-5 T,Robel-Robel,tborborough27@homestead.com,06/18/2017,01/06/2018,5195
OP-572-90997,LE-186-68944,SP-7g2488r5,Print Bed,Lind Inc,zstroobant28@behance.net,06/11/2017,01/04/2018,8405
OP-028-51736,LE-411-16381,A-9i3568y3,Mark-5,"Hirthe, Stark and Littel",kdoll29@nbcnews.com,03/25/2017,11/12/2017,6637
OP-692-20004,LE-956-09005,SP-6x5102j8,Controller Board,"Dietrich, Jacobs and Hammes",fallam2a@mac.com,05/22/2017,01/24/2018,3109
OP-273-96912,LE-924-52313,A-4r4833h7,Mark-1,Dicki-Dietrich,ymeco2b@smh.com.au,05/23/2017,02/27/2018,9021
OP-125-84672,LE-871-08106,A-9o2147a8,Mark-50,"Weimann, VonRueden and Watsica",tbatchley2c@nifty.com,04/09/2017,01/14/2018,4898
OP-511-81669,LE-751-02109,SP-6x5102j8,Controller Board,Legros-Abshire,avernall2d@spiegel.de,05/06/2017,11/26/2017,7906
OP-034-96570,LE-050-82698,SP-9o2014z5,Frame,Kirlin-Aufderhar,abischop2e@ezinearticles.com,04/25/2017,12/23/2017,7551
OP-705-33721,LE-960-03569,SP-6x5102j8,Controller Board,"Dicki, Heidenreich and O'Kon",drulf2f@chronoengine.com,05/27/2017,02/07/2018,9235
OP-232-43667,LE-693-10180,A-0u7085f0,Mark-10,Koepp-Leuschke,pwohler2g@typepad.com,03/04/2017,10/12/2017,4913
OP-179-16955,LE-365-08185,SP-4o9597q4,Filament,"Stamm, Hammes and Wiza",jflowith2h@list-manage.com,04/05/2017,01/10/2018,9489
OP-592-51272,LE-100-91989,A-0u7085f0,Mark-10,Gulgowski-Mitchell,lglewe2i@squidoo.com,03/25/2017,11/26/2017,9760
OP-984-84233,LE-652-34679,SP-9o2014z5,Frame,"Walker, Hyatt and Kuhn",hcharnley2j@furl.net,05/04/2017,02/20/2018,1723
OP-745-19466,LE-457-15409,SP-6x5102j8,Controller Board,Powlowski and Sons,ibartholin2k@imgur.com,04/14/2017,01/25/2018,8966
OP-504-81845,LE-324-73290,SP-4o9597q4,Filament,Powlowski-Kemmer,chabben2l@twitpic.com,05/02/2017,02/13/2018,5061
OP-736-72920,LE-254-25022,A-0u7085f0,Mark-10,Lesch-Dicki,lposen2m@ask.com,04/11/2017,01/10/2018,8872
OP-638-01812,LE-317-94944,SP-4o9597q4,Filament,Erdman Inc,cmorphey2n@cisco.com,04/30/2017,12/15/2017,2935
OP-331-53428,LE-321-97158,A-5q8351o1,Jarvis-1 T,"Okuneva, Considine and Schulist",dmaccome2o@blogtalkradio.com,07/08/2017,12/31/2017,1673
OP-874-46255,LE-811-93960,A-9i3568y3,Mark-5,Collins Group,nlivingstone2p@exblog.jp,03/29/2017,12/18/2017,4193
OP-254-52523,LE-671-16658,S-3h9809u2,Software and Drivers,Lang-Gleason,ncorbet2q@harvard.edu,04/25/2017,12/07/2017,8563
OP-120-17566,LE-812-61739,SP-9o2014z5,Frame,Bruen-Kerluke,isawyers2r@mit.edu,06/17/2017,02/07/2018,6609
OP-621-03200,LE-945-84905,A-0u7085f0,Mark-10,"Nikolaus, Brown and Harris",ifellis2s@blog.com,05/13/2017,11/07/2017,4385
OP-290-56969,LE-898-59258,S-3h9809u2,Software and Drivers,Mosciski Inc,vbraybrook2t@myspace.com,07/09/2017,11/08/2017,9816
OP-319-88999,LE-718-22061,A-5q8351o1,Jarvis-1 T,"Klocko, Ledner and Rogahn",strudgion2u@chicagotribune.com,05/30/2017,10/01/2017,6003
OP-976-80447,LE-240-47643,A-5q8351o1,Jarvis-1 T,Gutmann-Cronin,dgrigaut2v@g.co,06/25/2017,11/25/2017,2124
OP-908-60978,LE-702-54710,A-5q8351o1,Jarvis-1 T,Lehner and Sons,roloinn2w@technorati.com,07/12/2017,11/16/2017,8708
OP-113-29614,LE-068-98290,SP-6x5102j8,Controller Board,"Miller, Schowalter and Mills",mwickling2x@phoca.cz,07/23/2017,02/12/2018,7209
OP-582-33533,LE-352-35679,SP-6x5102j8,Controller Board,Kunde-Leannon,mkhalid2y@ftc.gov,05/18/2017,10/07/2017,6137
OP-727-99171,LE-438-10331,S-3h9809u2,Software and Drivers,Hansen-Keeling,aambrogio2z@answers.com,03/13/2017,01/20/2018,6673
OP-859-57821,LE-031-37559,A-4r4833h7,Mark-1,Wiegand-Gulgowski,trymour30@dailymotion.com,07/11/2017,11/12/2017,6944
OP-279-76063,LE-019-27082,SP-6x5102j8,Controller Board,Littel Group,cadie31@over-blog.com,04/03/2017,10/14/2017,2383
OP-994-76650,LE-431-00056,A-9i3568y3,Mark-5,"Borer, Bernier and Kuhn",bbarwell32@adobe.com,04/20/2017,01/31/2018,6755
OP-053-10246,LE-518-25063,SP-6x5102j8,Controller Board,"Feil, Wunsch and Trantow",dsnar33@fastcompany.com,04/21/2017,01/17/2018,3495
OP-523-54430,LE-301-58551,SP-4o9597q4,Filament,Torphy-Daugherty,vhatchette34@feedburner.com,04/24/2017,01/15/2018,6354
OP-433-91473,LE-584-95314,A-9i3568y3,Mark-5,Bradtke-Zemlak,limmer35@slideshare.net,06/26/2017,10/25/2017,6214
OP-906-59917,LE-153-23584,A-0u7085f0,Mark-10,Cormier-Feil,rforty36@slate.com,03/11/2017,01/20/2018,8411
OP-050-34390,LE-658-90269,SP-7g2488r5,Print Bed,Ledner LLC,dbabcock37@weebly.com,07/18/2017,02/08/2018,7788
OP-281-61684,LE-091-33874,A-0u7085f0,Mark-10,Schamberger Group,amartinello38@domainmarket.com,05/02/2017,02/05/2018,3641
OP-889-15838,LE-223-87214,SP-6x5102j8,Controller Board,Stark-Mueller,veastup39@issuu.com,07/10/2017,11/22/2017,5577
OP-438-38899,LE-840-85629,S-3h9809u2,Software and Drivers,Krajcik LLC,lgodsal3a@yahoo.co.jp,05/17/2017,02/07/2018,5081
OP-409-36048,LE-804-88912,SP-6x5102j8,Controller Board,Huels Group,gchatan3b@vinaora.com,05/30/2017,10/08/2017,6100
OP-966-03617,LE-964-95798,A-1s3102u0,Jarvis-5 T,Jacobi LLC,aodoherty3c@ucoz.ru,07/19/2017,10/29/2017,5206
OP-712-96490,LE-150-76479,SP-6x5102j8,Controller Board,Fisher LLC,ssiddele3d@cbc.ca,06/17/2017,12/08/2017,2626
OP-977-81752,LE-214-47844,SP-9o2014z5,Frame,Wehner Group,lfort3e@blog.com,05/07/2017,11/17/2017,2225
OP-867-70506,LE-035-89862,A-1s3102u0,Jarvis-5 T,"Mertz, Kozey and Kemmer",dassaf3f@samsung.com,04/04/2017,11/20/2017,3858
OP-093-91433,LE-220-78032,A-0u7085f0,Mark-10,Schuppe-Weissnat,kvanthoff3g@washington.edu,06/09/2017,10/14/2017,3393
OP-586-20925,LE-332-85271,SP-9o2014z5,Frame,"Stroman, Turner and Hermann",rsaynor3h@smugmug.com,05/08/2017,11/13/2017,7878
OP-657-47134,LE-817-16549,SP-9o2014z5,Frame,"Grant, Becker and Stokes",fkleinhandler3i@hubpages.com,05/13/2017,01/30/2018,5817
OP-752-32851,LE-038-56058,A-9o2147a8,Mark-50,Davis Inc,dsherville3j@cdc.gov,05/06/2017,10/30/2017,6097
OP-485-88888,LE-304-88910,SP-1j3802q0,Belts,"Hayes, Jakubowski and Collins",gjenney3k@skyrock.com,03/07/2017,10/08/2017,4560
OP-240-11858,LE-600-71544,A-9i3568y3,Mark-5,Padberg Group,lfleetham3l@printfriendly.com,07/09/2017,01/08/2018,8508
OP-983-55667,LE-736-87322,A-4r4833h7,Mark-1,Willms LLC,dhenryson3m@disqus.com,05/06/2017,02/10/2018,4139
OP-457-42982,LE-127-53025,A-1s3102u0,Jarvis-5 T,Harber Group,sgowing3n@shutterfly.com,05/09/2017,01/01/2018,7862
OP-034-39194,LE-225-66557,SP-4o9597q4,Filament,"Waters, Bruen and Abshire",mambler3o@amazon.co.jp,06/25/2017,10/22/2017,5924
OP-062-34897,LE-561-04263,A-0u7085f0,Mark-10,Jerde-Hamill,bspellworth3p@google.com.br,06/19/2017,12/12/2017,9105
OP-012-22887,LE-978-72476,SP-6x5102j8,Controller Board,Haley and Sons,hschroder3q@tuttocitta.it,06/24/2017,02/21/2018,5516
OP-795-69502,LE-609-39599,A-9o2147a8,Mark-50,Reynolds LLC,pdummigan3r@typepad.com,03/19/2017,10/17/2017,6814
OP-017-83942,LE-596-55133,A-9i3568y3,Mark-5,"Zboncak, Kuhlman and Moore",abartolomeotti3s@ibm.com,05/07/2017,10/26/2017,7541
OP-759-21895,LE-212-26556,A-5q8351o1,Jarvis-1 T,Blick LLC,wwebben3t@freewebs.com,05/30/2017,01/25/2018,4664
OP-671-56027,LE-639-14405,SP-7g2488r5,Print Bed,Welch-Schmitt,jdyerson3u@sfgate.com,07/24/2017,12/27/2017,7476
OP-240-01944,LE-099-61780,SP-9o2014z5,Frame,"Hessel, Yundt and Larkin",mpitson3v@mac.com,07/28/2017,10/30/2017,6545
OP-877-00832,LE-623-26392,S-3h9809u2,Software and Drivers,Becker-Larkin,imcgrah3w@usgs.gov,05/03/2017,01/16/2018,9149
OP-530-72303,LE-316-05010,SP-4o9597q4,Filament,Boyer-Kilback,alacotte3x@epa.gov,05/04/2017,02/14/2018,4880
OP-722-11632,LE-266-29459,S-3h9809u2,Software and Drivers,Hessel and Sons,brobken3y@tinypic.com,07/07/2017,02/06/2018,4488
OP-361-82012,LE-698-24865,A-5q8351o1,Jarvis-1 T,Dickinson and Sons,cbenner3z@bloglines.com,07/17/2017,02/05/2018,5027
OP-953-71107,LE-276-46820,A-9i3568y3,Mark-5,Fadel Group,oformoy40@printfriendly.com,05/06/2017,11/24/2017,7345
OP-686-30174,LE-333-92888,A-9i3568y3,Mark-5,"Fritsch, Cruickshank and Kuhn",saddington41@privacy.gov.au,06/10/2017,11/03/2017,5771
OP-592-68527,LE-390-38170,A-9i3568y3,Mark-5,Eichmann-Nikolaus,ipennyman42@ucoz.ru,07/23/2017,11/29/2017,4800
OP-354-30922,LE-297-02475,A-1s3102u0,Jarvis-5 T,Cremin Group,dsockell43@meetup.com,07/22/2017,12/30/2017,5469
OP-506-82339,LE-278-88578,A-9i3568y3,Mark-5,"Bauch, Yundt and Kessler",skermitt44@digg.com,05/25/2017,10/26/2017,4977
OP-543-41081,LE-371-84629,SP-4o9597q4,Filament,Parisian-Kemmer,mhamley45@amazonaws.com,06/22/2017,11/06/2017,4898
OP-526-57049,LE-977-29743,A-1s3102u0,Jarvis-5 T,Schiller Inc,hduffil46@wunderground.com,04/08/2017,01/25/2018,11090
OP-380-62647,LE-764-24190,SP-7g2488r5,Print Bed,Huels Group,bpontin47@is.gd,07/07/2017,02/20/2018,6717
OP-996-37123,LE-668-69340,A-0u7085f0,Mark-10,O'Hara LLC,sjack48@microsoft.com,07/18/2017,11/21/2017,6666
OP-661-74011,LE-560-77404,A-9i3568y3,Mark-5,"Mraz, Larkin and Schimmel",idelavaletteparisot49@tuttocitta.it,06/18/2017,11/26/2017,4634
OP-158-57239,LE-553-75914,S-3h9809u2,Software and Drivers,"Considine, Wiegand and Veum",zyukhtin4a@youku.com,05/31/2017,10/14/2017,6478
OP-481-56698,LE-387-20541,A-0u7085f0,Mark-10,Cole-Mitchell,emendus4b@360.cn,05/08/2017,12/23/2017,6267
OP-458-79906,LE-616-49491,A-5q8351o1,Jarvis-1 T,"Schowalter, Quitzon and O'Keefe",rgerrard4c@last.fm,06/10/2017,12/12/2017,5272
OP-618-22909,LE-762-78030,S-3h9809u2,Software and Drivers,"Jerde, Lueilwitz and Erdman",stither4d@auda.org.au,05/22/2017,01/31/2018,5561
OP-025-87809,LE-909-24389,A-9i3568y3,Mark-5,"Jones, Steuber and Hermann",rdiboll4e@arizona.edu,03/24/2017,02/19/2018,4786
OP-147-85821,LE-684-66235,SP-9o2014z5,Frame,Christiansen-Erdman,ngerge4f@symantec.com,03/06/2017,12/15/2017,4862
OP-383-20715,LE-503-05331,S-3h9809u2,Software and Drivers,Ortiz-Greenholt,cmaiden4g@dell.com,06/15/2017,01/23/2018,4510
OP-137-34279,LE-935-87163,A-5q8351o1,Jarvis-1 T,Nader Group,vandreacci4h@smugmug.com,06/13/2017,02/18/2018,8119
OP-301-81674,LE-481-42792,A-9i3568y3,Mark-5,"Jakubowski, Volkman and Waters",hdilkes4i@umn.edu,05/18/2017,02/17/2018,7691
OP-445-49883,LE-496-85470,S-3h9809u2,Software and Drivers,Hauck LLC,pcollingridge4j@mediafire.com,03/05/2017,10/11/2017,6310
OP-360-23598,LE-669-83537,A-5q8351o1,Jarvis-1 T,Price LLC,obittany4k@moonfruit.com,03/12/2017,10/22/2017,7160
OP-144-31200,LE-963-93918,SP-1j3802q0,Belts,"Jones, McCullough and Corkery",msmallacombe4l@springer.com,07/01/2017,02/15/2018,3714
OP-270-26380,LE-837-37479,A-0u7085f0,Mark-10,"Dach, Ritchie and Lebsack",nbavage4m@reddit.com,04/15/2017,01/07/2018,9289
OP-971-59519,LE-527-36225,A-9o2147a8,Mark-50,"Paucek, Ferry and Rogahn",jjost4n@oaic.gov.au,04/15/2017,10/30/2017,4040
OP-638-05304,LE-807-40147,A-0u7085f0,Mark-10,O'Hara-Reinger,fmacteague4o@miibeian.gov.cn,04/03/2017,02/12/2018,6650
OP-555-60262,LE-942-68813,SP-4o9597q4,Filament,Farrell-Homenick,jmckibbin4p@ocn.ne.jp,03/06/2017,10/31/2017,2813
OP-704-57589,LE-692-07955,SP-4o9597q4,Filament,"Schulist, Mohr and Windler",nharme4q@timesonline.co.uk,07/16/2017,12/07/2017,8321
OP-911-65114,LE-719-95819,SP-7g2488r5,Print Bed,"West, Hermann and Tillman",mpoyle4r@arstechnica.com,04/18/2017,10/14/2017,7476
OP-082-45194,LE-861-65251,A-5q8351o1,Jarvis-1 T,"Ryan, Rutherford and Mertz",btagg4s@accuweather.com,03/12/2017,10/25/2017,6402
OP-262-53543,LE-480-99085,A-4r4833h7,Mark-1,Jerde Inc,echew4t@goodreads.com,07/15/2017,01/06/2018,7950
OP-121-04843,LE-497-41777,SP-1j3802q0,Belts,D'Amore-Abbott,msabberton4u@unc.edu,03/15/2017,12/24/2017,6303
OP-325-50849,LE-470-75639,SP-6x5102j8,Controller Board,Fritsch and Sons,sbolt4v@hp.com,06/21/2017,01/15/2018,3809
OP-764-60366,LE-702-40208,A-9i3568y3,Mark-5,Predovic Group,ccapper4w@ibm.com,05/19/2017,11/14/2017,9798
OP-678-21845,LE-833-59796,SP-6x5102j8,Controller Board,Miller and Sons,cwalbrook4x@ca.gov,03/12/2017,10/15/2017,5511
OP-057-35214,LE-460-48800,A-4r4833h7,Mark-1,Koch-Spencer,tdreier4y@indiatimes.com,05/26/2017,02/27/2018,7310
OP-946-51043,LE-999-03292,S-3h9809u2,Software and Drivers,Bode-Schultz,dcremen4z@redcross.org,07/11/2017,11/04/2017,7350
OP-194-65746,LE-879-76599,SP-7g2488r5,Print Bed,"Schulist, Gutkowski and Balistreri",stzar50@xing.com,03/24/2017,01/18/2018,4014
OP-014-09032,LE-057-92745,A-1s3102u0,Jarvis-5 T,Nikolaus Inc,jpollington51@shareasale.com,05/12/2017,01/11/2018,4894
OP-766-93042,LE-036-19023,SP-7g2488r5,Print Bed,"VonRueden, Kshlerin and Fadel",rupstone52@oaic.gov.au,05/29/2017,01/09/2018,2888
OP-941-40394,LE-553-29773,SP-7g2488r5,Print Bed,Jakubowski LLC,qdigg53@si.edu,03/28/2017,10/15/2017,4852
OP-754-96485,LE-748-81119,SP-6x5102j8,Controller Board,Kovacek-Kling,ajosowitz54@cnn.com,03/17/2017,01/10/2018,4388
OP-836-12910,LE-546-31610,SP-7g2488r5,Print Bed,Shanahan-Quitzon,gstreetfield55@yale.edu,04/16/2017,11/08/2017,7264
OP-957-28212,LE-483-38633,SP-1j3802q0,Belts,"Brakus, Haag and Johnson",mwickliffe56@google.nl,05/05/2017,12/27/2017,6721
OP-677-99240,LE-550-44652,SP-9o2014z5,Frame,"Kunze, Bednar and Anderson",baubry57@hostgator.com,03/01/2017,11/24/2017,4122
OP-252-33966,LE-203-72831,SP-4o9597q4,Filament,Abbott-Erdman,gdeave58@wordpress.org,03/20/2017,10/13/2017,6498
OP-117-67149,LE-814-29930,A-4r4833h7,Mark-1,Gerlach-Stanton,jflecknell59@ask.com,06/28/2017,11/20/2017,2451
OP-796-82827,LE-748-84557,SP-6x5102j8,Controller Board,Green-McKenzie,bthwaites5a@prnewswire.com,05/02/2017,11/11/2017,4532
OP-377-65142,LE-574-52848,A-0u7085f0,Mark-10,Koelpin and Sons,hperutto5b@omniture.com,04/21/2017,02/23/2018,2104
OP-142-15282,LE-264-91681,A-4r4833h7,Mark-1,"Blanda, Jaskolski and Mann",cgolsthorp5c@boston.com,05/11/2017,11/16/2017,6504
OP-611-69550,LE-622-95496,SP-7g2488r5,Print Bed,White Inc,lcornell5d@nyu.edu,05/29/2017,01/24/2018,8436
OP-123-14906,LE-634-31757,A-4r4833h7,Mark-1,McGlynn and Sons,gsqueers5e@amazon.co.uk,06/07/2017,12/08/2017,7233
OP-104-15330,LE-794-34569,A-0u7085f0,Mark-10,Farrell LLC,dbidnall5f@macromedia.com,05/01/2017,11/28/2017,10073
OP-207-40062,LE-309-14022,A-9i3568y3,Mark-5,"Strosin, Okuneva and Little",tspinetti5g@google.co.jp,04/28/2017,01/24/2018,2486
OP-085-41303,LE-671-88372,S-3h9809u2,Software and Drivers,Pollich and Sons,chackinge5h@samsung.com,06/08/2017,02/28/2018,6193
OP-741-53613,LE-000-88881,A-4r4833h7,Mark-1,Jaskolski-Stehr,mrykert5i@japanpost.jp,06/11/2017,12/13/2017,2816
OP-276-71537,LE-692-18235,SP-6x5102j8,Controller Board,"Berge, Bogisich and Hayes",hseago5j@china.com.cn,03/02/2017,12/28/2017,5334
OP-181-91162,LE-481-46564,A-5q8351o1,Jarvis-1 T,Schaefer LLC,bdurrans5k@ibm.com,03/28/2017,01/24/2018,4810
OP-006-79238,LE-474-63842,A-9i3568y3,Mark-5,Nolan-Gusikowski,alivingston5l@hostgator.com,06/12/2017,12/17/2017,3737
OP-029-42114,LE-630-15146,SP-6x5102j8,Controller Board,"Dickinson, Yost and Bernhard",kfrentz5m@nydailynews.com,07/19/2017,02/18/2018,10127
OP-392-46345,LE-137-69306,A-4r4833h7,Mark-1,Hahn-Dietrich,lwesgate5n@tinyurl.com,06/17/2017,02/09/2018,2353
OP-225-26926,LE-561-78870,A-9i3568y3,Mark-5,Kshlerin-Stiedemann,ggensavage5o@youtu.be,03/31/2017,12/22/2017,3864
OP-114-90240,LE-946-29279,SP-1j3802q0,Belts,"Runolfsson, Parisian and Cronin",bdemetz5p@edublogs.org,03/03/2017,02/09/2018,6285
OP-452-77289,LE-572-38998,A-1s3102u0,Jarvis-5 T,Boehm LLC,dshirley5q@studiopress.com,03/05/2017,10/28/2017,8208
OP-945-44597,LE-006-92091,A-4r4833h7,Mark-1,Stroman Inc,ldoughton5r@fastcompany.com,05/03/2017,10/22/2017,9138
OP-887-73399,LE-828-50373,SP-6x5102j8,Controller Board,Wilderman Inc,bhartwell5s@i2i.jp,06/26/2017,02/19/2018,5226
OP-338-93140,LE-640-65528,A-4r4833h7,Mark-1,"Baumbach, Johnston and Gutmann",gmeardon5t@youku.com,06/16/2017,11/05/2017,7531
OP-775-82982,LE-614-21236,A-9i3568y3,Mark-5,"Breitenberg, Wyman and Kertzmann",apidgeon5u@fc2.com,04/17/2017,11/03/2017,9086
OP-183-98267,LE-103-26531,A-5q8351o1,Jarvis-1 T,Aufderhar-Bailey,gbaldinotti5v@mashable.com,04/03/2017,12/23/2017,6445
OP-470-61168,LE-013-25976,A-5q8351o1,Jarvis-1 T,Stiedemann Inc,aumbers5w@google.co.uk,07/26/2017,12/26/2017,6067
OP-945-80129,LE-590-90081,SP-4o9597q4,Filament,Powlowski Group,ajollie5x@google.co.uk,04/07/2017,10/16/2017,3623
OP-661-74276,LE-726-86835,A-9o2147a8,Mark-50,Jenkins Group,gsabatini5y@linkedin.com,06/20/2017,10/02/2017,8206
OP-649-46334,LE-159-86105,SP-7g2488r5,Print Bed,Reilly-Gleason,bgibbs5z@ucsd.edu,05/08/2017,10/14/2017,9335
OP-974-41632,LE-473-94748,SP-4o9597q4,Filament,Heidenreich-Bradtke,vmcgriffin60@lycos.com,05/13/2017,02/06/2018,5828
OP-133-47155,LE-076-99445,SP-6x5102j8,Controller Board,Hartmann Inc,rcorcoran61@unc.edu,03/23/2017,10/16/2017,6889
OP-160-93261,LE-181-48642,A-9o2147a8,Mark-50,Graham-Wintheiser,ctitley62@creativecommons.org,07/18/2017,10/02/2017,3039
OP-251-11692,LE-928-70075,SP-1j3802q0,Belts,"Haley, Larkin and Jakubowski",tromanet63@foxnews.com,03/27/2017,02/02/2018,1662
OP-104-04914,LE-361-65011,A-1s3102u0,Jarvis-5 T,"Turner, Sipes and Lynch",mzambon64@istockphoto.com,05/24/2017,10/14/2017,5676
OP-513-12141,LE-686-85259,SP-4o9597q4,Filament,DuBuque-Kassulke,pbuckland65@whitehouse.gov,06/26/2017,12/30/2017,6388
OP-620-63669,LE-052-02254,A-9i3568y3,Mark-5,Walker-Greenholt,adurker66@indiegogo.com,05/04/2017,02/27/2018,3885
OP-457-00317,LE-548-42790,SP-9o2014z5,Frame,Zieme LLC,aemmatt67@dedecms.com,04/12/2017,02/19/2018,5587
OP-033-41011,LE-218-98604,A-4r4833h7,Mark-1,"Walker, Franecki and Fay",jduigenan68@jiathis.com,07/09/2017,10/14/2017,5342
OP-145-11740,LE-421-97847,A-5q8351o1,Jarvis-1 T,"Rosenbaum, Gislason and Feil",cknock69@shinystat.com,04/11/2017,10/11/2017,7713
OP-061-74349,LE-001-15679,A-4r4833h7,Mark-1,Treutel Group,edesremedios6a@g.co,04/21/2017,02/05/2018,8711
OP-718-11097,LE-219-12763,A-1s3102u0,Jarvis-5 T,Aufderhar Group,skliement6b@admin.ch,05/29/2017,10/11/2017,7381
OP-777-07351,LE-219-02970,SP-9o2014z5,Frame,McCullough Inc,omcleary6c@ed.gov,06/21/2017,01/20/2018,7557
OP-872-16861,LE-129-76538,A-4r4833h7,Mark-1,Quitzon Group,edarlasson6d@ca.gov,07/09/2017,12/01/2017,7707
OP-925-77713,LE-230-50339,A-9o2147a8,Mark-50,"Rogahn, Blanda and Kuhn",toconnell6e@acquirethisname.com,04/16/2017,10/10/2017,6949
OP-552-24697,LE-438-97985,A-1s3102u0,Jarvis-5 T,Langosh Group,svansalzberger6f@myspace.com,03/24/2017,01/14/2018,9884
OP-209-73945,LE-849-01266,A-5q8351o1,Jarvis-1 T,Greenholt-Orn,sdechelette6g@foxnews.com,04/20/2017,10/18/2017,8249
OP-536-98325,LE-622-24895,A-9i3568y3,Mark-5,"Quitzon, Stoltenberg and Kassulke",djozefczak6h@shutterfly.com,06/16/2017,11/20/2017,4109
OP-144-38354,LE-230-64189,A-5q8351o1,Jarvis-1 T,"McLaughlin, Mills and Sporer",kgrube6i@mashable.com,07/01/2017,01/16/2018,6969
OP-023-34902,LE-282-57833,A-1s3102u0,Jarvis-5 T,Ritchie-Rodriguez,wdecourcy6j@cdc.gov,05/29/2017,12/28/2017,4567
OP-084-98493,LE-826-89985,A-9o2147a8,Mark-50,Maggio-Powlowski,rficken6k@google.ca,06/06/2017,11/21/2017,2935
OP-341-78294,LE-592-78011,A-4r4833h7,Mark-1,Mayert-Jakubowski,ldebruyne6l@nih.gov,06/15/2017,10/14/2017,7837
OP-975-40419,LE-788-63791,SP-9o2014z5,Frame,Ullrich Inc,ehoff6m@imdb.com,07/26/2017,11/25/2017,5408
OP-389-50719,LE-597-38028,A-5q8351o1,Jarvis-1 T,Pollich Inc,awoodstock6n@tuttocitta.it,07/05/2017,11/25/2017,5399
OP-273-02561,LE-286-21183,A-5q8351o1,Jarvis-1 T,Ledner-King,hbrugsma6o@ucoz.com,03/23/2017,12/16/2017,7746
OP-799-68924,LE-690-38779,A-0u7085f0,Mark-10,Lynch-Carter,rbrosoli6p@dailymotion.com,06/20/2017,02/12/2018,1658
OP-315-30440,LE-534-06284,A-9i3568y3,Mark-5,Kerluke-Schmeler,dmasedon6q@wikispaces.com,04/05/2017,02/02/2018,6519
OP-042-99168,LE-877-35111,A-9i3568y3,Mark-5,Howell and Sons,emaudlen6r@google.co.jp,04/06/2017,02/20/2018,7705
OP-337-09276,LE-227-86297,SP-1j3802q0,Belts,Keebler-Schimmel,gkenninghan6s@usatoday.com,03/21/2017,10/11/2017,6221
OP-585-84933,LE-081-89459,A-4r4833h7,Mark-1,"Pacocha, Daniel and Kozey",dshieber6t@squidoo.com,05/21/2017,10/30/2017,4208
OP-428-11030,LE-041-45846,S-3h9809u2,Software and Drivers,"Jakubowski, Upton and Harris",lreditt6u@cloudflare.com,05/20/2017,02/04/2018,3057
OP-910-75925,LE-896-74980,SP-6x5102j8,Controller Board,"Watsica, Hackett and Kshlerin",ddumbarton6v@oracle.com,06/15/2017,01/06/2018,9893
OP-963-11622,LE-172-66244,S-3h9809u2,Software and Drivers,Kassulke-Kiehn,vcaras6w@themeforest.net,07/25/2017,01/06/2018,8444
OP-802-13550,LE-204-26449,A-9o2147a8,Mark-50,"Treutel, Abshire and Hermann",tgatiss6x@china.com.cn,07/17/2017,11/12/2017,2472
OP-646-61860,LE-754-26492,SP-7g2488r5,Print Bed,Upton-Swift,jperez6y@t.co,07/28/2017,02/28/2018,8798
OP-543-99973,LE-076-14274,SP-7g2488r5,Print Bed,"Dibbert, Bruen and Connelly",cdalligan6z@dmoz.org,03/23/2017,01/20/2018,3986
OP-907-82562,LE-281-63856,SP-9o2014z5,Frame,"Hodkiewicz, Howe and Beahan",jramalho70@mail.ru,05/19/2017,02/17/2018,6306
OP-578-47886,LE-144-23173,S-3h9809u2,Software and Drivers,Corwin-Turner,eknowlson71@mac.com,07/22/2017,10/19/2017,2619
OP-330-00941,LE-326-89536,A-4r4833h7,Mark-1,"Farrell, Carter and Mueller",mbysouth72@boston.com,03/06/2017,12/18/2017,8505
OP-200-27666,LE-550-70575,SP-1j3802q0,Belts,Windler Inc,jgrombridge73@symantec.com,07/30/2017,11/04/2017,3539
OP-171-94946,LE-917-63197,S-3h9809u2,Software and Drivers,"Torphy, Ryan and Reichert",bgerrett74@goo.gl,05/03/2017,02/02/2018,3526
OP-614-86868,LE-833-58331,SP-1j3802q0,Belts,"Kuhn, Hermann and Wunsch",sogormally75@1und1.de,04/29/2017,02/16/2018,5251
OP-063-98162,LE-831-65681,A-0u7085f0,Mark-10,"Fadel, Dicki and Lakin",aborgnet76@time.com,03/17/2017,11/08/2017,2352
OP-082-36484,LE-428-56625,SP-1j3802q0,Belts,Dare Inc,rbondley77@slate.com,04/02/2017,02/09/2018,6011
OP-907-15833,LE-079-20586,SP-4o9597q4,Filament,Prosacco-Kreiger,bprestige78@vistaprint.com,04/01/2017,02/11/2018,7148
OP-902-46712,LE-762-08464,A-1s3102u0,Jarvis-5 T,"Langosh, Crist and Grant",cpossek79@omniture.com,06/13/2017,02/06/2018,1067
OP-835-96443,LE-056-39014,A-5q8351o1,Jarvis-1 T,Barton LLC,pgouge7a@va.gov,07/07/2017,12/11/2017,7569
OP-682-32822,LE-880-52170,A-9o2147a8,Mark-50,"Hagenes, McCullough and Schultz",cmungan7b@shinystat.com,03/18/2017,01/20/2018,9008
OP-398-76924,LE-301-69588,SP-1j3802q0,Belts,Mills LLC,clendon7c@salon.com,06/15/2017,12/15/2017,5588
OP-812-05399,LE-836-25619,A-9o2147a8,Mark-50,"Rippin, Jacobs and Gutmann",lballintyne7d@newsvine.com,05/01/2017,01/21/2018,5789
OP-080-27507,LE-101-19610,A-4r4833h7,Mark-1,"Miller, Reichert and Koch",cgotcliff7e@eventbrite.com,03/14/2017,10/31/2017,8670
OP-056-62419,LE-868-53309,S-3h9809u2,Software and Drivers,Dibbert-Daniel,ralflat7f@drupal.org,03/15/2017,12/10/2017,7017
OP-577-15530,LE-639-08493,SP-9o2014z5,Frame,Beahan-Reynolds,cbarstowk7g@nps.gov,04/03/2017,11/02/2017,6111
OP-539-77919,LE-351-85302,A-4r4833h7,Mark-1,Hilpert-Cummings,ifound7h@de.vu,03/27/2017,11/16/2017,6428
OP-318-72961,LE-583-13347,A-0u7085f0,Mark-10,Grant LLC,cjanas7i@columbia.edu,04/27/2017,11/23/2017,6976
OP-408-18009,LE-483-39777,A-0u7085f0,Mark-10,Wintheiser-Von,toliver7j@free.fr,03/08/2017,02/07/2018,6073
OP-336-01538,LE-217-73539,A-9o2147a8,Mark-50,"Ruecker, Roberts and Lubowitz",lgillbe7k@reuters.com,03/03/2017,10/06/2017,3797
OP-820-73950,LE-912-80247,A-9o2147a8,Mark-50,"Hudson, Weissnat and Bernhard",cgaynsford7l@loc.gov,07/04/2017,10/15/2017,3976
OP-256-96273,LE-841-67733,SP-6x5102j8,Controller Board,Herzog-Daniel,klatham7m@macromedia.com,05/02/2017,02/26/2018,10121
OP-255-02717,LE-446-29334,A-9o2147a8,Mark-50,Collins and Sons,aarmatys7n@usda.gov,05/01/2017,01/24/2018,8977
OP-431-59530,LE-636-44446,A-9i3568y3,Mark-5,Konopelski-Gutkowski,tforestall7o@sitemeter.com,06/04/2017,10/01/2017,7897
OP-994-91297,LE-634-32897,SP-7g2488r5,Print Bed,Gislason-Fadel,shandslip7p@jalbum.net,03/07/2017,02/08/2018,2617
OP-192-65522,LE-228-42352,SP-9o2014z5,Frame,Nikolaus Group,cvest7q@ezinearticles.com,06/20/2017,01/30/2018,7034
OP-697-16070,LE-177-01282,SP-6x5102j8,Controller Board,Kuhic-Beatty,agiercke7r@zimbio.com,06/05/2017,01/26/2018,3523
OP-131-31594,LE-413-14627,SP-4o9597q4,Filament,DuBuque-Wisoky,omuscott7s@tumblr.com,04/23/2017,10/21/2017,8236
OP-021-33586,LE-005-63207,A-4r4833h7,Mark-1,"Leuschke, Kuhlman and Bayer",titzkovwitch7t@springer.com,05/29/2017,11/01/2017,5352
OP-606-29611,LE-852-08882,SP-6x5102j8,Controller Board,Ziemann LLC,lgalliard7u@chronoengine.com,03/25/2017,02/27/2018,7938
OP-191-47981,LE-146-32245,A-1s3102u0,Jarvis-5 T,"Schulist, Cartwright and Kuvalis",daldcorn7v@51.la,03/21/2017,10/14/2017,3380
OP-642-14523,LE-992-21295,A-9i3568y3,Mark-5,"Volkman, Skiles and Rodriguez",wcorfield7w@utexas.edu,03/26/2017,10/20/2017,7772
OP-603-92036,LE-126-59127,A-9o2147a8,Mark-50,Hyatt Group,jalbisser7x@slideshare.net,05/12/2017,12/09/2017,4327
OP-059-90012,LE-322-00925,A-9i3568y3,Mark-5,Feeney Inc,cjochanany7y@nature.com,07/22/2017,02/13/2018,7011
OP-806-60450,LE-263-90589,A-9o2147a8,Mark-50,Hirthe Group,rspikins7z@wunderground.com,07/20/2017,11/04/2017,4627
OP-401-30237,LE-897-89636,SP-4o9597q4,Filament,Ortiz LLC,sgeraghty80@wiley.com,04/14/2017,12/11/2017,2130
OP-997-75429,LE-222-57901,SP-9o2014z5,Frame,Kohler-Tillman,cbulfoot81@dmoz.org,04/18/2017,11/28/2017,5065
OP-017-35248,LE-286-79794,A-0u7085f0,Mark-10,Mills and Sons,slennon82@1688.com,04/01/2017,10/10/2017,3721
OP-441-06005,LE-583-03061,SP-4o9597q4,Filament,"Fritsch, Emmerich and Glover",talmack83@prweb.com,07/10/2017,01/06/2018,3057
OP-617-58981,LE-081-45871,A-0u7085f0,Mark-10,Nicolas-Harber,bdonohoe84@oakley.com,07/03/2017,02/23/2018,3151
OP-324-27142,LE-910-49316,A-4r4833h7,Mark-1,Quigley Group,nolcot85@wordpress.com,07/21/2017,11/11/2017,4606
OP-629-87731,LE-776-30741,A-4r4833h7,Mark-1,"Schowalter, Dietrich and Waelchi",nnutten86@google.nl,06/25/2017,11/20/2017,5521
OP-282-85104,LE-241-70420,A-0u7085f0,Mark-10,Leffler Group,eboreland87@mediafire.com,05/07/2017,11/08/2017,9270
OP-532-02086,LE-785-28507,SP-9o2014z5,Frame,Harvey-McDermott,gvidgeon88@nasa.gov,06/04/2017,11/25/2017,8018
OP-936-15523,LE-348-34598,SP-9o2014z5,Frame,Cummerata-Spencer,gparram89@list-manage.com,03/22/2017,11/22/2017,9165
OP-060-01170,LE-009-59375,A-1s3102u0,Jarvis-5 T,Dibbert LLC,cjenkinson8a@wsj.com,05/27/2017,10/01/2017,5642
OP-802-94939,LE-924-15033,S-3h9809u2,Software and Drivers,Grant-Kessler,sdarycott8b@multiply.com,06/29/2017,01/03/2018,7865
OP-770-71745,LE-842-59348,SP-9o2014z5,Frame,"Flatley, Hoppe and Herzog",borafferty8c@epa.gov,03/22/2017,01/22/2018,7830
OP-763-79364,LE-188-00194,S-3h9809u2,Software and Drivers,"Beier, Parisian and Kertzmann",rhendin8d@army.mil,04/25/2017,10/24/2017,7400
OP-248-33774,LE-241-41231,SP-6x5102j8,Controller Board,Simonis-Grimes,tthresher8e@msn.com,05/17/2017,01/13/2018,2458
OP-517-38446,LE-413-32095,A-5q8351o1,Jarvis-1 T,"Runolfsson, Durgan and Hessel",mhaville8f@google.com,05/25/2017,12/15/2017,8250
OP-754-13509,LE-336-96540,A-4r4833h7,Mark-1,Fritsch and Sons,gollive8g@nymag.com,07/05/2017,11/29/2017,8734
OP-662-74987,LE-130-57380,SP-1j3802q0,Belts,Runte-Powlowski,ndunlap8h@php.net,06/08/2017,10/08/2017,2658
OP-058-27844,LE-925-71026,SP-7g2488r5,Print Bed,Oberbrunner and Sons,lgiuron8i@wordpress.org,05/22/2017,02/01/2018,6774
OP-546-72183,LE-893-66929,S-3h9809u2,Software and Drivers,Dickinson-Crist,tfuzzey8j@comcast.net,07/02/2017,12/19/2017,4595
OP-921-68676,LE-448-71526,SP-6x5102j8,Controller Board,Aufderhar-Muller,khugh8k@webeden.co.uk,06/02/2017,02/22/2018,10122
OP-184-99040,LE-622-49441,SP-1j3802q0,Belts,Barton LLC,mbourrel8l@geocities.com,07/04/2017,11/13/2017,9144
OP-871-21844,LE-844-65603,SP-9o2014z5,Frame,Hoppe Group,dwaddingham8m@imdb.com,07/30/2017,01/03/2018,7909
OP-541-12457,LE-394-46145,A-1s3102u0,Jarvis-5 T,Schultz Group,iovett8n@virginia.edu,05/30/2017,02/05/2018,4420
OP-628-61748,LE-266-62920,A-9o2147a8,Mark-50,"Halvorson, Boyle and Kassulke",nsumpter8o@illinois.edu,03/29/2017,02/14/2018,7799
OP-584-81194,LE-720-40673,SP-6x5102j8,Controller Board,Stokes-Spinka,fsperring8p@slideshare.net,03/30/2017,11/22/2017,4603
OP-645-14189,LE-582-76394,SP-9o2014z5,Frame,Sanford-Larkin,ppenman8q@nyu.edu,06/10/2017,10/30/2017,6063
OP-383-43268,LE-928-00727,A-4r4833h7,Mark-1,"Luettgen, Walter and Goyette",dkahler8r@statcounter.com,03/22/2017,11/06/2017,6518
OP-574-64110,LE-518-66619,A-9i3568y3,Mark-5,Rogahn-Koch,echewter8s@addthis.com,07/31/2017,02/06/2018,7319
OP-355-30268,LE-861-33509,SP-1j3802q0,Belts,West Inc,hkynson8t@freewebs.com,04/03/2017,02/25/2018,7792
OP-005-20135,LE-033-08650,SP-7g2488r5,Print Bed,"Kuphal, Hackett and Welch",znewens8u@unblog.fr,05/21/2017,02/21/2018,4896
OP-996-06475,LE-723-80560,SP-6x5102j8,Controller Board,Wilderman-Larkin,gmattosoff8v@princeton.edu,05/26/2017,01/23/2018,2707
OP-377-13074,LE-664-33173,SP-4o9597q4,Filament,Eichmann Inc,bputson8w@mit.edu,06/13/2017,12/05/2017,6889
OP-976-53445,LE-352-01285,SP-7g2488r5,Print Bed,Gulgowski Group,bslocum8x@salon.com,07/21/2017,10/13/2017,5164
OP-625-78363,LE-305-19667,A-0u7085f0,Mark-10,Little and Sons,dlinton8y@nyu.edu,06/23/2017,02/09/2018,8685
OP-259-53598,LE-745-94901,A-5q8351o1,Jarvis-1 T,"Goyette, Bednar and Gerlach",jcolbertson8z@comcast.net,07/01/2017,10/29/2017,4000
OP-989-64079,LE-123-29710,A-4r4833h7,Mark-1,Pfeffer LLC,cstoffels90@unicef.org,07/11/2017,01/29/2018,7698
OP-435-68582,LE-078-19428,A-9o2147a8,Mark-50,"Sipes, Keebler and McKenzie",tchristofle91@behance.net,05/18/2017,02/19/2018,5947
OP-965-97339,LE-632-82817,S-3h9809u2,Software and Drivers,"Hilll, Lubowitz and Hane",mriddall92@wired.com,06/18/2017,11/13/2017,1156
OP-734-19177,LE-393-60499,SP-4o9597q4,Filament,Ryan and Sons,mbilverstone93@ucsd.edu,04/21/2017,12/11/2017,4307
OP-041-82455,LE-219-13415,SP-4o9597q4,Filament,Lesch LLC,sbudik94@cnet.com,07/28/2017,02/01/2018,7413
OP-039-57754,LE-232-08107,A-1s3102u0,Jarvis-5 T,Gusikowski and Sons,sfeavearyear95@blogspot.com,05/03/2017,11/01/2017,8059
OP-675-41695,LE-553-30814,A-0u7085f0,Mark-10,"Schumm, Doyle and Vandervort",lclabburn96@instagram.com,06/13/2017,10/30/2017,4367
OP-753-75286,LE-378-32398,A-9o2147a8,Mark-50,Frami Group,jrayworth97@t.co,07/14/2017,12/11/2017,7137
OP-455-66775,LE-960-79717,A-9i3568y3,Mark-5,Mann Group,hharnes98@stanford.edu,03/17/2017,01/24/2018,2774
OP-014-67059,LE-741-60512,A-5q8351o1,Jarvis-1 T,Reichel-Goldner,egannan99@dropbox.com,04/20/2017,12/27/2017,5318
OP-106-16643,LE-112-99543,A-5q8351o1,Jarvis-1 T,Satterfield-Corwin,zmorando9a@un.org,06/02/2017,10/22/2017,6665
OP-755-24393,LE-226-61995,SP-6x5102j8,Controller Board,Krajcik-Bernier,ocarter9b@trellian.com,03/27/2017,01/03/2018,3933
OP-958-71744,LE-792-12471,SP-1j3802q0,Belts,"VonRueden, Bins and Bartell",gcouzens9c@cbc.ca,03/02/2017,01/23/2018,5895
OP-162-12046,LE-237-93154,SP-7g2488r5,Print Bed,Luettgen-Jacobi,aebbotts9d@vistaprint.com,05/18/2017,01/01/2018,7007
OP-938-49269,LE-951-79137,A-4r4833h7,Mark-1,"Skiles, Harris and Lehner",nmenis9e@google.nl,05/24/2017,12/24/2017,9509
OP-777-19795,LE-784-06591,SP-6x5102j8,Controller Board,"Ullrich, Heidenreich and Kling",rloudon9f@wikia.com,04/21/2017,12/15/2017,6298
OP-492-25932,LE-561-73849,SP-1j3802q0,Belts,"Zboncak, Veum and Ritchie",ssilversmid9g@addthis.com,07/24/2017,10/11/2017,7008
OP-634-72231,LE-756-87126,SP-4o9597q4,Filament,"Kuhlman, Doyle and Olson",eescoffier9h@whitehouse.gov,06/17/2017,01/29/2018,3635
OP-827-53285,LE-725-99191,SP-6x5102j8,Controller Board,Boyer LLC,cdran9i@disqus.com,05/28/2017,02/10/2018,2320
OP-224-00010,LE-161-90680,A-0u7085f0,Mark-10,"Beier, Tremblay and Jones",mhehnke9j@uol.com.br,06/06/2017,02/19/2018,6351
OP-831-85580,LE-278-66294,SP-1j3802q0,Belts,"O'Keefe, Marvin and Ernser",jbehnke9k@goo.ne.jp,05/02/2017,01/10/2018,1790
OP-045-90859,LE-518-85907,A-1s3102u0,Jarvis-5 T,Cartwright Group,mlong9l@hao123.com,03/03/2017,10/07/2017,8629
OP-194-41089,LE-995-51033,SP-9o2014z5,Frame,Schroeder-Keebler,jdemeza9m@netscape.com,06/14/2017,12/27/2017,7061
OP-488-28306,LE-950-87215,SP-4o9597q4,Filament,Hand-Wunsch,rboggis9n@cpanel.net,04/24/2017,12/16/2017,3759
OP-643-87366,LE-135-33244,SP-9o2014z5,Frame,"Effertz, Parker and Rice",mhartwell9o@state.tx.us,04/30/2017,02/17/2018,3958
OP-702-20777,LE-414-69770,A-4r4833h7,Mark-1,Robel Inc,cbelshaw9p@joomla.org,06/06/2017,11/16/2017,6449
OP-211-19089,LE-111-26725,A-9o2147a8,Mark-50,"Pouros, Windler and Runolfsdottir",mklimkowski9q@disqus.com,06/13/2017,02/02/2018,8783
OP-531-87387,LE-220-47943,SP-6x5102j8,Controller Board,"Langosh, White and Balistreri",rolorenshaw9r@newyorker.com,07/26/2017,01/29/2018,7108
OP-477-97231,LE-787-59826,A-0u7085f0,Mark-10,Schmidt-Lockman,etunnick9s@eventbrite.com,03/23/2017,01/11/2018,3806
OP-009-03936,LE-017-76234,SP-4o9597q4,Filament,"Collins, Jast and Gerlach",mmorgen9t@webeden.co.uk,04/26/2017,12/12/2017,9164
OP-923-49643,LE-943-31255,A-9i3568y3,Mark-5,Jakubowski Inc,akeysall9u@people.com.cn,04/13/2017,10/01/2017,7375
OP-805-80646,LE-585-13734,A-9i3568y3,Mark-5,Zboncak-Doyle,dwhitcombe9v@arstechnica.com,04/15/2017,10/25/2017,5234
OP-778-95498,LE-054-45741,SP-7g2488r5,Print Bed,"Heathcote, Hane and DuBuque",mtixall9w@nymag.com,06/20/2017,12/22/2017,2901
OP-638-78876,LE-320-49149,A-1s3102u0,Jarvis-5 T,Ondricka Group,mannand9x@ustream.tv,04/03/2017,01/07/2018,7204
OP-696-08311,LE-006-95037,A-0u7085f0,Mark-10,"McGlynn, Turcotte and Ernser",fcluett9y@barnesandnoble.com,05/26/2017,01/23/2018,10570
OP-497-30543,LE-366-64634,A-4r4833h7,Mark-1,"Runte, Abernathy and Macejkovic",sskarin9z@liveinternet.ru,05/09/2017,02/17/2018,5377
OP-240-57103,LE-115-23672,SP-9o2014z5,Frame,Spencer-Schowalter,ewiggama0@chicagotribune.com,03/23/2017,02/20/2018,4879
OP-305-65621,LE-273-34546,A-5q8351o1,Jarvis-1 T,"Schmidt, Kling and Herman",kclaraea1@example.com,04/03/2017,11/20/2017,3735
OP-717-22208,LE-685-97479,A-9o2147a8,Mark-50,"Armstrong, Barton and Nolan",kliepinsa2@jiathis.com,04/03/2017,02/25/2018,3419
OP-524-24835,LE-403-71985,SP-9o2014z5,Frame,"Schmitt, Metz and Spencer",rphizackerlya3@princeton.edu,03/19/2017,10/07/2017,5765
OP-827-98212,LE-269-41586,SP-9o2014z5,Frame,Blanda Inc,vtowsona4@reddit.com,06/23/2017,01/22/2018,3679
OP-115-89213,LE-758-87195,A-0u7085f0,Mark-10,Toy-Wunsch,ddurtnela5@netvibes.com,05/27/2017,02/23/2018,7551
OP-893-83212,LE-037-84591,A-1s3102u0,Jarvis-5 T,"Wilderman, Harber and Carroll",dstallarda6@jigsy.com,06/14/2017,12/01/2017,4365
OP-832-33331,LE-865-06110,SP-4o9597q4,Filament,"Dooley, Heaney and Haley",lpiesolda7@tinypic.com,05/09/2017,02/03/2018,8971
OP-823-58954,LE-729-97144,SP-4o9597q4,Filament,Hermiston and Sons,amcgregora8@vinaora.com,07/23/2017,10/27/2017,5664
OP-938-76394,LE-097-43659,SP-6x5102j8,Controller Board,"Dibbert, Larson and Shields",mfearnilla9@last.fm,06/25/2017,12/22/2017,3498
OP-625-11845,LE-235-50778,SP-7g2488r5,Print Bed,Jaskolski-Batz,mdimmeraa@angelfire.com,05/10/2017,02/23/2018,4677
OP-400-98601,LE-622-01667,SP-6x5102j8,Controller Board,Nicolas and Sons,bflarityab@pen.io,03/07/2017,10/04/2017,5265
OP-233-51647,LE-372-55541,A-0u7085f0,Mark-10,Walsh-Kuvalis,clambertoac@unc.edu,05/24/2017,10/08/2017,5694
OP-468-37557,LE-207-84539,SP-1j3802q0,Belts,Hoppe Group,mfundellad@nba.com,04/26/2017,01/27/2018,6101
OP-441-11168,LE-215-67572,S-3h9809u2,Software and Drivers,Cummerata Inc,srockwillae@jalbum.net,06/13/2017,01/26/2018,2672
OP-154-58186,LE-470-33453,A-0u7085f0,Mark-10,Okuneva Inc,ealdersleyaf@smugmug.com,06/12/2017,01/11/2018,3153
OP-795-67338,LE-828-14036,S-3h9809u2,Software and Drivers,Dickinson-Spinka,abiddlestoneag@engadget.com,07/28/2017,10/24/2017,7832
OP-373-89011,LE-940-43566,A-9o2147a8,Mark-50,Bayer-Gerlach,kmcnessah@microsoft.com,05/09/2017,11/28/2017,8708
OP-736-55170,LE-975-28831,SP-9o2014z5,Frame,"Fadel, Schneider and Stanton",cdemkoai@google.fr,06/14/2017,12/21/2017,4940
OP-857-58045,LE-796-91760,A-4r4833h7,Mark-1,Bernier-Hickle,dtrevascusaj@nationalgeographic.com,07/12/2017,12/06/2017,8077
OP-990-46333,LE-547-96308,A-0u7085f0,Mark-10,Auer-Torphy,achildak@google.nl,06/30/2017,11/20/2017,5456
OP-966-91083,LE-701-38829,A-4r4833h7,Mark-1,Willms-Zulauf,acallabyal@cargocollective.com,06/02/2017,01/05/2018,8339
OP-006-52598,LE-974-11755,A-9o2147a8,Mark-50,Yundt Inc,lmawbyam@psu.edu,05/30/2017,02/04/2018,2490
OP-257-48184,LE-890-52166,SP-4o9597q4,Filament,Doyle-Graham,lsirettan@liveinternet.ru,03/28/2017,10/08/2017,5676
OP-000-59317,LE-353-86143,S-3h9809u2,Software and Drivers,"Luettgen, Blick and Wisozk",dmalecao@ted.com,07/08/2017,10/07/2017,6298
OP-674-61772,LE-759-14079,SP-4o9597q4,Filament,"Schaden, Marquardt and Beer",rmurdyap@vinaora.com,06/25/2017,01/23/2018,6532
OP-840-88217,LE-230-66133,A-1s3102u0,Jarvis-5 T,Kuvalis-Miller,rleblondaq@mail.ru,06/28/2017,10/14/2017,5593
OP-059-25769,LE-491-08873,SP-7g2488r5,Print Bed,"McCullough, Homenick and Wunsch",zbulstrodear@simplemachines.org,04/19/2017,01/05/2018,3891
OP-437-18492,LE-756-77243,A-9i3568y3,Mark-5,"Bogan, Okuneva and Romaguera",spaszakas@issuu.com,03/08/2017,11/03/2017,4688
OP-272-66530,LE-685-60300,A-5q8351o1,Jarvis-1 T,Wiegand LLC,fstanilandat@ning.com,07/19/2017,12/23/2017,4329
OP-512-07120,LE-025-46956,SP-9o2014z5,Frame,Hegmann-Bahringer,cruggsau@umn.edu,05/31/2017,12/16/2017,8360
OP-960-59832,LE-676-32019,A-9i3568y3,Mark-5,Welch-Lebsack,cjeffcoateav@bloomberg.com,07/16/2017,11/09/2017,3261
OP-299-50814,LE-504-52390,SP-6x5102j8,Controller Board,Klocko-Bradtke,pfinlanaw@symantec.com,03/20/2017,02/17/2018,4922
OP-061-20974,LE-008-63124,SP-9o2014z5,Frame,Mayer-Sawayn,brumgayax@businessweek.com,05/29/2017,01/13/2018,3691
OP-575-85645,LE-606-75568,A-1s3102u0,Jarvis-5 T,"Deckow, Hauck and Wilderman",mmclellanay@wsj.com,05/02/2017,12/25/2017,6252
OP-811-77456,LE-125-41569,SP-9o2014z5,Frame,Rosenbaum-Jerde,sgatenbyaz@mail.ru,04/08/2017,10/09/2017,7440
OP-618-78874,LE-389-05513,A-1s3102u0,Jarvis-5 T,Hahn-Feeney,hcastanerb0@usatoday.com,05/05/2017,10/03/2017,8692
OP-574-72100,LE-933-76255,A-9i3568y3,Mark-5,Hane-Kuhlman,bagentb1@constantcontact.com,07/15/2017,01/14/2018,1991
OP-613-73281,LE-830-01317,A-4r4833h7,Mark-1,Willms Group,msharplessb2@mlb.com,03/02/2017,10/13/2017,5513
OP-080-58073,LE-268-62879,A-0u7085f0,Mark-10,Kertzmann-Mraz,ecopnellb3@baidu.com,04/03/2017,10/06/2017,6399
OP-210-33961,LE-528-41568,S-3h9809u2,Software and Drivers,"Kemmer, Abshire and Nitzsche",bduckerinb4@skype.com,07/04/2017,10/02/2017,0
OP-760-21505,LE-327-92372,SP-7g2488r5,Print Bed,Jast-Walsh,wsasserb5@shareasale.com,07/11/2017,12/16/2017,0
OP-104-82247,LE-387-66165,SP-4o9597q4,Filament,Kohler-Larson,jstandevenb6@nhs.uk,04/19/2017,11/10/2017,0
OP-385-85245,LE-970-30301,SP-1j3802q0,Belts,Lang Inc,galvisb7@sitemeter.com,04/20/2017,10/28/2017,0
OP-726-45721,LE-515-21182,A-1s3102u0,Jarvis-5 T,Maggio-Torp,sklausb8@list-manage.com,04/26/2017,01/14/2018,0
OP-741-40039,LE-595-56126,SP-9o2014z5,Frame,Marquardt-Carter,cmuckeenb9@godaddy.com,07/13/2017,01/27/2018,0
OP-845-28534,LE-133-74913,SP-7g2488r5,Print Bed,Gislason-Abbott,hmowburyba@ovh.net,06/24/2017,11/30/2017,0
OP-286-72147,LE-959-52043,SP-1j3802q0,Belts,Moen LLC,cgraddonbb@woothemes.com,05/08/2017,10/15/2017,0
OP-777-31088,LE-306-87624,S-3h9809u2,Software and Drivers,Kerluke-Schoen,lsorrobc@ed.gov,04/28/2017,10/29/2017,0
OP-658-14244,LE-522-76744,A-9o2147a8,Mark-50,Torphy Group,nmcgettrickbd@princeton.edu,04/08/2017,12/16/2017,0
OP-481-49033,LE-892-73692,A-5q8351o1,Jarvis-1 T,McKenzie Inc,aohenehanbe@exblog.jp,06/21/2017,01/31/2018,0
OP-797-16151,LE-626-14291,A-4r4833h7,Mark-1,Ward Inc,ghawtonbf@phpbb.com,07/17/2017,12/26/2017,0
OP-713-93551,LE-887-42820,SP-1j3802q0,Belts,"Wintheiser, Medhurst and Cremin",gsandesonbg@so-net.ne.jp,06/04/2017,01/15/2018,0
OP-811-10563,LE-593-57326,SP-9o2014z5,Frame,Wiza-Quigley,vwiltonbh@vk.com,05/30/2017,11/30/2017,0
OP-671-09654,LE-288-45807,SP-9o2014z5,Frame,"Gleichner, Stehr and Jacobi",parnallbi@independent.co.uk,05/11/2017,10/23/2017,0
OP-259-75651,LE-235-25572,A-9o2147a8,Mark-50,Lubowitz-Kilback,lhaithwaitebj@simplemachines.org,07/31/2017,01/28/2018,0
OP-673-76128,LE-297-42145,A-4r4833h7,Mark-1,Bashirian LLC,ahanniganbk@prnewswire.com,05/30/2017,11/11/2017,0
OP-288-32649,LE-331-36981,A-1s3102u0,Jarvis-5 T,Hagenes-Kohler,xheaterbl@comsenz.com,07/29/2017,01/26/2018,0
OP-426-25237,LE-275-70741,SP-1j3802q0,Belts,"Bradtke, Wilderman and Dickinson",gborebm@t.co,03/28/2017,02/03/2018,0
OP-413-37038,LE-215-53037,SP-4o9597q4,Filament,Schneider LLC,thamblybn@huffingtonpost.com,06/03/2017,11/27/2017,0
OP-984-39997,LE-017-57166,SP-7g2488r5,Print Bed,Pfannerstill-Feil,mtichelaarbo@ebay.co.uk,07/05/2017,01/26/2018,0
OP-614-38280,LE-090-68192,SP-4o9597q4,Filament,Luettgen and Sons,nmcmylorbp@blogger.com,06/29/2017,01/08/2018,0
OP-363-29080,LE-765-98145,A-0u7085f0,Mark-10,"Bauch, Lindgren and Mosciski",smerrissonbq@amazon.com,07/12/2017,12/20/2017,0
OP-996-48065,LE-700-28769,S-3h9809u2,Software and Drivers,Treutel Group,eleyzellbr@ocn.ne.jp,07/31/2017,02/02/2018,0
OP-273-21218,LE-577-30071,SP-6x5102j8,Controller Board,Boyle LLC,emcilvennabs@reuters.com,05/06/2017,11/27/2017,0
OP-043-05599,LE-799-82306,SP-4o9597q4,Filament,Haley-King,mcowansbt@tmall.com,04/21/2017,11/12/2017,0
OP-483-08412,LE-466-32135,A-0u7085f0,Mark-10,Boehm Group,jpauleaubu@businessinsider.com,03/13/2017,11/06/2017,0
OP-695-78071,LE-050-87749,A-9o2147a8,Mark-50,"Swift, Stamm and Renner",herridgebv@theguardian.com,03/14/2017,10/21/2017,0
OP-457-34056,LE-510-16032,A-0u7085f0,Mark-10,Batz-Wiza,bmccarrollbw@devhub.com,04/26/2017,11/22/2017,0
OP-417-65299,LE-074-63796,SP-1j3802q0,Belts,"Haley, D'Amore and Metz",larklebx@comcast.net,05/25/2017,01/05/2018,0
OP-848-06239,LE-377-87912,A-0u7085f0,Mark-10,"Schimmel, Schowalter and Hilpert",nklagemanby@tamu.edu,07/04/2017,01/24/2018,0
OP-500-87386,LE-295-10530,A-9i3568y3,Mark-5,Boyer and Sons,kbeathembz@diigo.com,06/15/2017,02/23/2018,0
OP-820-47287,LE-212-33632,SP-1j3802q0,Belts,Kuphal-Wilkinson,mrennickc0@nytimes.com,04/23/2017,12/15/2017,0
OP-718-19141,LE-935-72582,SP-6x5102j8,Controller Board,Quigley-Kub,cstrawbridgec1@networksolutions.com,05/05/2017,12/22/2017,0
OP-418-91995,LE-510-25181,SP-9o2014z5,Frame,Padberg Inc,kgiraldezc2@ifeng.com,05/23/2017,12/14/2017,0
OP-766-10589,LE-330-42127,S-3h9809u2,Software and Drivers,Wilderman-Heidenreich,ekitcattc3@blogspot.com,06/03/2017,11/04/2017,0
OP-395-13059,LE-354-11727,A-4r4833h7,Mark-1,Bruen-Glover,djakabc4@abc.net.au,04/01/2017,12/21/2017,0
OP-200-75656,LE-130-78394,A-9i3568y3,Mark-5,Weissnat-Sanford,atownendc5@wordpress.com,03/08/2017,12/07/2017,0
OP-739-39267,LE-653-39118,SP-7g2488r5,Print Bed,"Hansen, Von and Bruen",hackredc6@cyberchimps.com,04/27/2017,12/21/2017,0
OP-580-31619,LE-125-01954,A-5q8351o1,Jarvis-1 T,"Schmidt, Bahringer and Stamm",lheintzc7@intel.com,05/08/2017,10/13/2017,0
OP-272-36184,LE-104-78191,A-4r4833h7,Mark-1,Boehm Group,asherlockc8@indiatimes.com,03/29/2017,10/09/2017,0
OP-476-75015,LE-117-39364,A-5q8351o1,Jarvis-1 T,McClure Group,bporcasc9@google.es,04/26/2017,12/23/2017,0
OP-554-04925,LE-233-43284,SP-7g2488r5,Print Bed,Bechtelar-Aufderhar,amcruvieca@howstuffworks.com,05/10/2017,11/21/2017,0
OP-412-88593,LE-408-71286,S-3h9809u2,Software and Drivers,Glover-Turner,dgradlycb@msu.edu,06/23/2017,01/30/2018,0
OP-552-13710,LE-225-65192,SP-9o2014z5,Frame,Jacobi-Ullrich,cwindebankcc@friendfeed.com,03/10/2017,02/20/2018,0
OP-338-81067,LE-879-39214,SP-4o9597q4,Filament,Kertzmann-Jacobson,ifauldscd@tripod.com,05/12/2017,12/12/2017,0
OP-932-61568,LE-608-48994,A-5q8351o1,Jarvis-1 T,"Haley, Schmidt and Orn",minklece@google.de,03/02/2017,11/21/2017,0
OP-060-42045,LE-060-77264,SP-1j3802q0,Belts,"Orn, Kling and Reichel",ahatreycf@clickbank.net,06/18/2017,12/15/2017,0
OP-435-63067,LE-132-31716,SP-7g2488r5,Print Bed,Effertz and Sons,csmaridgecg@un.org,04/23/2017,12/10/2017,0
OP-137-73846,LE-739-85400,SP-6x5102j8,Controller Board,Ratke-Turcotte,ldailych@ucoz.ru,07/13/2017,01/07/2018,0
OP-983-11941,LE-628-84385,A-1s3102u0,Jarvis-5 T,Ratke Inc,jeichmannci@multiply.com,06/01/2017,01/10/2018,0
OP-597-39751,LE-428-77025,A-9o2147a8,Mark-50,"Schinner, Little and Shields",svangocj@biblegateway.com,06/26/2017,01/24/2018,0
OP-539-68986,LE-053-70933,A-9o2147a8,Mark-50,Lubowitz Inc,nhickenbottomck@disqus.com,05/30/2017,02/15/2018,0
OP-317-55174,LE-290-09039,A-1s3102u0,Jarvis-5 T,Mraz Inc,eleroycl@hibu.com,05/29/2017,10/20/2017,0
OP-901-49398,LE-509-21139,A-9i3568y3,Mark-5,"Mosciski, Greenfelder and Walsh",dscrowsoncm@latimes.com,04/16/2017,11/27/2017,0
OP-929-81121,LE-377-50935,A-0u7085f0,Mark-10,Leuschke and Sons,ndibiagiocn@qq.com,03/22/2017,11/23/2017,0
OP-441-59573,LE-712-37512,SP-4o9597q4,Filament,Block LLC,fscibseyco@joomla.org,04/27/2017,02/28/2018,0
OP-973-32992,LE-870-70328,A-9o2147a8,Mark-50,Mills-Waelchi,jstarbuckcp@independent.co.uk,06/06/2017,12/20/2017,0
OP-360-73717,LE-432-32378,SP-1j3802q0,Belts,Keeling-Terry,icovertcq@canalblog.com,07/02/2017,11/08/2017,0
OP-143-05329,LE-838-27642,A-1s3102u0,Jarvis-5 T,"Terry, Effertz and Hansen",djocklecr@opensource.org,05/17/2017,01/30/2018,0
OP-025-23942,LE-337-14230,A-9o2147a8,Mark-50,"Kilback, Prosacco and Adams",nfirkscs@apache.org,04/16/2017,02/05/2018,0
OP-096-25172,LE-928-46083,SP-1j3802q0,Belts,"Veum, Stanton and Hirthe",mbrewerct@usa.gov,04/07/2017,10/08/2017,0
OP-647-96513,LE-600-49722,SP-4o9597q4,Filament,Stark LLC,dyvencu@paginegialle.it,06/09/2017,12/19/2017,0
OP-249-74657,LE-539-47637,A-1s3102u0,Jarvis-5 T,"Ullrich, Jerde and Breitenberg",tbackwellcv@sohu.com,05/06/2017,11/01/2017,0
OP-211-03484,LE-374-07256,SP-4o9597q4,Filament,"Lynch, Ziemann and Veum",wilottcw@yolasite.com,07/29/2017,12/11/2017,0
OP-667-57198,LE-074-95665,A-1s3102u0,Jarvis-5 T,Smitham Group,vsaundercx@hhs.gov,03/23/2017,11/07/2017,0
OP-170-59289,LE-345-74131,A-1s3102u0,Jarvis-5 T,Hills-Carroll,claidlowcy@cyberchimps.com,06/07/2017,11/01/2017,0
OP-166-33149,LE-334-34654,SP-6x5102j8,Controller Board,"Moen, Hartmann and McCullough",lpaffettcz@oakley.com,04/08/2017,01/15/2018,0
OP-551-28345,LE-289-03628,A-1s3102u0,Jarvis-5 T,"Volkman, Stracke and Braun",bkingettd0@geocities.com,04/30/2017,02/03/2018,0
OP-822-13156,LE-154-62830,S-3h9809u2,Software and Drivers,Windler-Goodwin,cyeudalld1@ucoz.ru,04/22/2017,10/17/2017,0
OP-861-23260,LE-050-18292,A-5q8351o1,Jarvis-1 T,Mayer-Zemlak,afochsd2@bigcartel.com,07/05/2017,10/26/2017,0
OP-022-63755,LE-368-83210,A-9o2147a8,Mark-50,"Sporer, Nitzsche and Cartwright",sfullomd3@theglobeandmail.com,05/07/2017,10/01/2017,0
OP-590-27904,LE-504-28804,SP-9o2014z5,Frame,Weimann-Schmitt,bkoresd4@wikia.com,04/11/2017,10/11/2017,0
OP-061-42649,LE-940-36751,SP-6x5102j8,Controller Board,Harber Inc,sincognad5@tripod.com,04/13/2017,12/23/2017,0
OP-892-81178,LE-306-48892,SP-1j3802q0,Belts,Jaskolski Inc,jnorveld6@telegraph.co.uk,04/26/2017,11/06/2017,0
OP-978-34454,LE-202-22328,SP-9o2014z5,Frame,Nicolas-Pagac,jdudmeshd7@bbb.org,04/23/2017,01/30/2018,0
OP-206-98094,LE-481-57649,SP-1j3802q0,Belts,Goldner and Sons,econerdingd8@hexun.com,07/08/2017,01/01/2018,0
OP-088-05204,LE-360-95447,S-3h9809u2,Software and Drivers,Friesen and Sons,seayrsd9@stanford.edu,06/27/2017,02/10/2018,0
OP-253-48443,LE-745-85876,SP-6x5102j8,Controller Board,Beer-VonRueden,ibrawleyda@dmoz.org,04/17/2017,11/05/2017,0
OP-020-65415,LE-208-58880,A-9o2147a8,Mark-50,Wilderman-Reichel,ddowdb@timesonline.co.uk,03/28/2017,02/28/2018,0
OP-710-14355,LE-820-03784,A-9i3568y3,Mark-5,Heidenreich-Bauch,gsuttlingdc@g.co,06/05/2017,12/10/2017,0
OP-583-19191,LE-403-67034,A-9i3568y3,Mark-5,Waelchi and Sons,rdanielkiewiczdd@skyrock.com,07/19/2017,01/28/2018,0
OP-445-98784,LE-235-35199,SP-9o2014z5,Frame,Bechtelar LLC,wacunade@dot.gov,03/04/2017,12/14/2017,0
OP-056-98652,LE-484-13055,SP-4o9597q4,Filament,Howe-Blick,bbinneydf@google.co.uk,05/29/2017,01/06/2018,0
OP-881-11825,LE-556-73149,SP-6x5102j8,Controller Board,Gerlach-Abshire,sleguindg@ocn.ne.jp,03/25/2017,12/21/2017,0
OP-513-95257,LE-231-00632,A-5q8351o1,Jarvis-1 T,"Rowe, Nienow and Cruickshank",dbrouarddh@plala.or.jp,07/03/2017,10/10/2017,0
OP-511-18508,LE-760-39445,A-1s3102u0,Jarvis-5 T,"Parker, Bahringer and Wunsch",gpietaschdi@wp.com,07/02/2017,12/16/2017,0
OP-098-84514,LE-479-09612,A-4r4833h7,Mark-1,Jerde Inc,baslettdj@un.org,07/09/2017,12/06/2017,0
OP-604-65073,LE-792-21643,SP-9o2014z5,Frame,Beer Inc,dfoarddk@guardian.co.uk,04/07/2017,01/04/2018,0
OP-694-42549,LE-034-53083,SP-7g2488r5,Print Bed,"Hegmann, Fadel and Reynolds",mmacdermottdl@fc2.com,06/26/2017,10/24/2017,0
OP-845-56634,LE-158-98912,SP-1j3802q0,Belts,"Kirlin, Bernier and Streich",bghidinidm@meetup.com,04/28/2017,11/25/2017,0
OP-885-95208,LE-908-13804,A-9i3568y3,Mark-5,"Davis, Zulauf and Steuber",jgyppesdn@nyu.edu,04/14/2017,12/24/2017,0
OP-980-49470,LE-141-78006,A-9o2147a8,Mark-50,Purdy and Sons,gcalverleydo@stanford.edu,07/17/2017,12/22/2017,0
OP-534-02887,LE-933-35884,A-0u7085f0,Mark-10,"Daugherty, Schowalter and Frami",avasyutochkindp@so-net.ne.jp,05/11/2017,12/22/2017,0
OP-591-43942,LE-172-74779,A-1s3102u0,Jarvis-5 T,"Renner, Koelpin and Hand",bhairsinedq@unc.edu,06/04/2017,02/21/2018,0
OP-928-54743,LE-022-28587,A-9i3568y3,Mark-5,Zemlak LLC,mmathiotdr@princeton.edu,07/28/2017,10/28/2017,0
OP-148-54783,LE-323-80305,A-0u7085f0,Mark-10,"Thompson, Fahey and Goldner",kaddekinds@pagesperso-orange.fr,06/27/2017,12/26/2017,0
OP-246-87803,LE-924-83544,SP-4o9597q4,Filament,"Ledner, Zemlak and Harber",tempsdt@dmoz.org,06/23/2017,10/20/2017,0
OP-788-48826,LE-742-58255,SP-4o9597q4,Filament,Veum-Pouros,rdenevedu@shop-pro.jp,07/08/2017,02/20/2018,0
OP-532-79991,LE-513-57646,SP-9o2014z5,Frame,Cronin-Adams,rpottdv@elpais.com,05/05/2017,10/09/2017,0
OP-145-09788,LE-409-92130,A-5q8351o1,Jarvis-1 T,Littel and Sons,cmahareydw@histats.com,03/26/2017,12/17/2017,0
OP-973-81000,LE-375-49183,A-9i3568y3,Mark-5,Waelchi-Beier,cridolfidx@usatoday.com,07/04/2017,11/22/2017,0
OP-220-38194,LE-626-09905,SP-4o9597q4,Filament,"Kreiger, Grimes and Bode",fkeemardy@posterous.com,07/02/2017,10/27/2017,0
OP-445-22486,LE-854-98009,SP-1j3802q0,Belts,"Harber, Gutmann and Schmitt",rmcguggydz@timesonline.co.uk,03/17/2017,11/08/2017,0
OP-079-76772,LE-435-35543,SP-7g2488r5,Print Bed,Pfannerstill-Bergnaum,bsimake0@parallels.com,03/03/2017,11/20/2017,0
OP-414-08711,LE-194-63787,A-1s3102u0,Jarvis-5 T,Yost LLC,kbaystone1@sina.com.cn,03/17/2017,02/24/2018,0
OP-220-39319,LE-820-21833,SP-1j3802q0,Belts,"Goodwin, Sawayn and O'Keefe",jbarouxe2@is.gd,06/08/2017,10/10/2017,0
OP-080-84203,LE-629-91137,A-9i3568y3,Mark-5,"Leannon, Friesen and Metz",nleallee3@fda.gov,06/08/2017,11/29/2017,0
OP-513-62775,LE-664-58329,A-9i3568y3,Mark-5,Bernier-Moen,lpeasnonee4@soundcloud.com,05/30/2017,11/06/2017,0
OP-366-01697,LE-871-10625,SP-9o2014z5,Frame,Stamm-Reilly,cmewhae5@cdbaby.com,07/07/2017,10/18/2017,0
OP-790-97746,LE-446-27071,A-5q8351o1,Jarvis-1 T,Gibson LLC,mkhotlere6@reference.com,06/14/2017,11/25/2017,0
OP-980-62611,LE-606-83638,A-9i3568y3,Mark-5,Beier-Bernier,crowbottame7@seattletimes.com,07/13/2017,12/27/2017,0
OP-478-74763,LE-240-40729,SP-7g2488r5,Print Bed,"Weber, Rippin and Greenfelder",yflounderse8@huffingtonpost.com,07/30/2017,10/18/2017,0
OP-459-12726,LE-627-66895,SP-4o9597q4,Filament,Bogan-Orn,dsannese9@archive.org,03/05/2017,02/15/2018,0
OP-079-49229,LE-460-40913,A-5q8351o1,Jarvis-1 T,Larson-Bednar,ahanrottea@last.fm,04/01/2017,01/05/2018,0
OP-751-21977,LE-989-22773,A-9i3568y3,Mark-5,"Treutel, Purdy and Prohaska",gstennereb@goo.ne.jp,04/14/2017,11/25/2017,0
OP-047-45651,LE-771-21406,SP-1j3802q0,Belts,Braun LLC,vmillionsec@pagesperso-orange.fr,03/21/2017,02/14/2018,0
OP-240-86824,LE-623-30908,SP-7g2488r5,Print Bed,Schaden Group,daushered@wp.com,06/26/2017,12/04/2017,0
OP-480-54145,LE-805-76973,SP-9o2014z5,Frame,Heaney-Dietrich,dpenhaleee@tuttocitta.it,06/21/2017,02/19/2018,0
OP-580-34927,LE-298-58042,SP-6x5102j8,Controller Board,Skiles LLC,bpitneyef@ft.com,05/22/2017,12/23/2017,0
OP-340-10625,LE-943-88904,SP-9o2014z5,Frame,Braun Group,jgoldsbyeg@acquirethisname.com,05/03/2017,01/23/2018,0
OP-950-33677,LE-242-16133,SP-7g2488r5,Print Bed,VonRueden LLC,mdyerseh@java.com,04/24/2017,12/25/2017,0
OP-138-40840,LE-598-40362,SP-6x5102j8,Controller Board,Koss and Sons,nmardellei@walmart.com,06/04/2017,02/11/2018,0
OP-183-27756,LE-067-74824,A-0u7085f0,Mark-10,"Mante, Lebsack and Orn",tdobeyej@mozilla.com,07/13/2017,12/05/2017,0
OP-276-78044,LE-593-70246,SP-4o9597q4,Filament,"Gerhold, Wilkinson and Stokes",icoulthardek@360.cn,04/05/2017,01/03/2018,0
OP-086-65474,LE-662-15281,SP-6x5102j8,Controller Board,Brakus LLC,bigounetel@ameblo.jp,07/09/2017,10/17/2017,0
OP-783-61584,LE-937-85565,A-0u7085f0,Mark-10,Hilpert-Barrows,jmanghamem@virginia.edu,07/18/2017,01/21/2018,0
OP-026-77115,LE-078-71829,SP-4o9597q4,Filament,Rogahn-Schoen,fguinaneen@altervista.org,07/05/2017,12/18/2017,0
OP-207-82359,LE-998-29791,SP-4o9597q4,Filament,"Cronin, Balistreri and Parker",nrableo@nsw.gov.au,03/20/2017,12/19/2017,0
OP-311-62974,LE-974-04040,A-1s3102u0,Jarvis-5 T,"Klein, McClure and Lubowitz",vbremingep@reddit.com,03/12/2017,10/02/2017,0
OP-538-67420,LE-209-81834,A-1s3102u0,Jarvis-5 T,Terry and Sons,everoeq@ucsd.edu,06/06/2017,01/27/2018,0
OP-429-23811,LE-467-20575,A-9o2147a8,Mark-50,Wyman and Sons,rjardineer@netscape.com,06/17/2017,11/17/2017,0
OP-332-70540,LE-446-21242,A-9i3568y3,Mark-5,Hintz-Veum,ngasnelles@flickr.com,07/08/2017,01/07/2018,0
OP-115-09631,LE-733-94160,SP-9o2014z5,Frame,Halvorson-Quitzon,jtickelet@nhs.uk,05/17/2017,12/23/2017,0
OP-327-91929,LE-546-80572,A-0u7085f0,Mark-10,Kiehn LLC,dbartlameu@geocities.jp,06/27/2017,02/18/2018,0
OP-267-48592,LE-946-03399,A-1s3102u0,Jarvis-5 T,Gleason-Lubowitz,nfairchildev@privacy.gov.au,07/31/2017,11/23/2017,0
OP-430-71337,LE-370-63733,SP-4o9597q4,Filament,"Lindgren, Ullrich and Gusikowski",rpeevorew@sphinn.com,04/30/2017,10/27/2017,0
OP-804-37803,LE-000-71735,A-9o2147a8,Mark-50,"Dickinson, Raynor and Stamm",rdowngateex@techcrunch.com,06/11/2017,02/19/2018,0
OP-015-19385,LE-221-23363,SP-6x5102j8,Controller Board,Yundt-Champlin,lmaplesdeney@histats.com,04/25/2017,12/12/2017,0
OP-799-75520,LE-881-04136,A-9i3568y3,Mark-5,Walsh-Lindgren,colinez@parallels.com,03/11/2017,10/21/2017,0
OP-701-12163,LE-454-58558,SP-9o2014z5,Frame,Baumbach and Sons,bdefilippif0@wiley.com,06/19/2017,02/26/2018,0
OP-790-10651,LE-553-38652,SP-4o9597q4,Filament,Hirthe Inc,miscowitzf1@amazon.co.uk,06/18/2017,12/25/2017,0
OP-296-20941,LE-494-20591,SP-1j3802q0,Belts,"Ziemann, Ziemann and Yundt",cclokef2@youtube.com,06/26/2017,12/03/2017,0
OP-367-71767,LE-560-58103,A-5q8351o1,Jarvis-1 T,Eichmann-Fisher,jschreinerf3@123-reg.co.uk,06/01/2017,12/13/2017,0
OP-839-88717,LE-282-37456,SP-4o9597q4,Filament,Moore-Will,tdalzielf4@google.it,03/25/2017,02/14/2018,0
OP-314-70552,LE-816-45474,SP-7g2488r5,Print Bed,Bayer-Stark,channisf5@gov.uk,06/18/2017,12/17/2017,0
OP-186-20498,LE-032-33226,S-3h9809u2,Software and Drivers,Kulas-Morissette,krichingsf6@marriott.com,03/02/2017,01/03/2018,0
OP-915-01358,LE-075-48798,A-4r4833h7,Mark-1,"Funk, Deckow and Schaden",jdoucef7@indiatimes.com,06/06/2017,01/02/2018,0
OP-559-09992,LE-286-98894,S-3h9809u2,Software and Drivers,Gorczany Inc,chargrovesf8@comcast.net,06/23/2017,11/28/2017,0
OP-857-13369,LE-071-96272,S-3h9809u2,Software and Drivers,"Goodwin, Wolff and Ullrich",vtironef9@360.cn,03/20/2017,02/27/2018,0
OP-980-92124,LE-364-26420,A-5q8351o1,Jarvis-1 T,Walsh-Crist,smurchfa@t-online.de,04/02/2017,02/06/2018,0
OP-581-50109,LE-233-57988,A-0u7085f0,Mark-10,"Parisian, Wiegand and Krajcik",rwetherillfb@mapquest.com,03/31/2017,12/14/2017,0
OP-093-24377,LE-134-86980,A-9i3568y3,Mark-5,Cummings Inc,idallyfc@nps.gov,06/01/2017,10/22/2017,0
OP-259-19762,LE-251-77304,SP-6x5102j8,Controller Board,Altenwerth-O'Reilly,dcovingtonfd@simplemachines.org,06/16/2017,01/24/2018,0
OP-164-32473,LE-382-98696,A-1s3102u0,Jarvis-5 T,"Swift, Reichel and O'Keefe",nsearsfe@ted.com,07/09/2017,01/23/2018,0
OP-774-89883,LE-028-83743,A-1s3102u0,Jarvis-5 T,DuBuque-Kris,kdallicottff@amazon.de,03/03/2017,12/07/2017,0
OP-396-23930,LE-684-70927,SP-1j3802q0,Belts,"Jacobi, Koch and Lindgren",gbelcherfg@goodreads.com,04/23/2017,11/25/2017,0
OP-221-57645,LE-762-51396,SP-9o2014z5,Frame,Turner-Cole,dabbisonfh@tripod.com,03/15/2017,01/25/2018,0
OP-504-93425,LE-973-77283,SP-6x5102j8,Controller Board,Cole-Bosco,ccraigfi@dion.ne.jp,07/24/2017,10/14/2017,0
OP-563-38746,LE-858-31230,SP-6x5102j8,Controller Board,"Roberts, Orn and Bins",sjervisfj@marriott.com,03/27/2017,01/19/2018,0
OP-082-42738,LE-964-34185,A-5q8351o1,Jarvis-1 T,Champlin Group,nwillmontfk@hp.com,06/24/2017,02/24/2018,0
OP-699-77800,LE-390-93162,SP-4o9597q4,Filament,Feeney Inc,nbaptistefl@list-manage.com,04/22/2017,02/20/2018,0
OP-813-93514,LE-026-45116,SP-4o9597q4,Filament,"Toy, Gibson and Halvorson",tscimonellifm@artisteer.com,07/04/2017,01/21/2018,0
OP-007-00508,LE-029-76139,S-3h9809u2,Software and Drivers,Lueilwitz-Quitzon,bgarberfn@pcworld.com,06/28/2017,12/31/2017,0
OP-704-59957,LE-786-09862,SP-6x5102j8,Controller Board,Quigley Group,kgrassickfo@paypal.com,04/22/2017,10/24/2017,0
OP-078-59657,LE-450-18394,SP-6x5102j8,Controller Board,Bartoletti and Sons,kbarwisefp@google.ca,04/21/2017,10/20/2017,0
OP-022-67042,LE-604-34161,A-0u7085f0,Mark-10,Olson and Sons,hvargasfq@cdbaby.com,06/01/2017,12/14/2017,0
OP-006-82705,LE-675-84502,A-9o2147a8,Mark-50,Reynolds and Sons,jnibleyfr@elegantthemes.com,05/06/2017,10/26/2017,0
OP-454-83521,LE-328-38086,A-5q8351o1,Jarvis-1 T,"Luettgen, Rau and Cartwright",kshortofs@qq.com,06/16/2017,10/26/2017,0
OP-168-16364,LE-793-28843,A-4r4833h7,Mark-1,Wolff-Nikolaus,dheyfieldft@mapquest.com,05/01/2017,10/31/2017,0
OP-215-50342,LE-540-56658,SP-7g2488r5,Print Bed,Hettinger-Bergnaum,gpaolifu@reference.com,04/14/2017,01/19/2018,0
OP-820-54220,LE-318-77712,A-5q8351o1,Jarvis-1 T,Brakus-Romaguera,dprescotefv@nbcnews.com,04/18/2017,12/24/2017,0
OP-886-68966,LE-878-57757,A-1s3102u0,Jarvis-5 T,Runolfsson-Marks,gstintonfw@ning.com,07/30/2017,12/28/2017,0
OP-558-78081,LE-470-28652,A-9o2147a8,Mark-50,Prohaska-Windler,skonzelmannfx@ucoz.com,03/18/2017,01/01/2018,0
OP-211-62233,LE-101-34703,S-3h9809u2,Software and Drivers,"Wyman, Wiegand and Macejkovic",cgoddingfy@usda.gov,03/27/2017,10/24/2017,0
OP-533-80505,LE-159-11058,SP-7g2488r5,Print Bed,"Pfeffer, Hoppe and McCullough",hsawersfz@upenn.edu,03/25/2017,02/17/2018,0
OP-813-00157,LE-280-02582,A-9o2147a8,Mark-50,Lemke-Barrows,ahopkynsg0@youku.com,05/24/2017,01/08/2018,0
OP-213-81733,LE-829-38049,SP-9o2014z5,Frame,Buckridge-Klocko,lguyersg1@bandcamp.com,03/14/2017,01/26/2018,0
OP-233-91186,LE-881-11832,SP-4o9597q4,Filament,Hilpert-Thiel,aspadonig2@europa.eu,05/26/2017,11/16/2017,0
OP-896-77859,LE-930-23551,S-3h9809u2,Software and Drivers,Lang-Cremin,josemang3@icio.us,03/22/2017,10/23/2017,0
OP-983-57008,LE-153-10311,A-5q8351o1,Jarvis-1 T,Crooks Inc,apinchbeckg4@alibaba.com,05/26/2017,12/21/2017,0
OP-388-48292,LE-713-44384,A-4r4833h7,Mark-1,"Hettinger, Herzog and Brown",lbugdeng5@about.me,07/02/2017,10/01/2017,0
OP-872-62700,LE-723-03055,A-0u7085f0,Mark-10,Bartell-Pfeffer,kblenkhorng6@wikipedia.org,07/12/2017,12/14/2017,0
OP-427-21084,LE-908-87244,SP-9o2014z5,Frame,Runte Group,mkopmang7@alibaba.com,04/07/2017,01/21/2018,0
OP-780-22109,LE-372-42535,A-9i3568y3,Mark-5,Tillman-Considine,ewattinsg8@unicef.org,07/24/2017,10/29/2017,0
OP-875-78880,LE-719-01520,A-9i3568y3,Mark-5,"Ondricka, Schinner and Runolfsson",pcareg9@fastcompany.com,03/29/2017,11/09/2017,0
OP-097-38315,LE-719-50796,SP-9o2014z5,Frame,Ferry-Ebert,jjamesonga@biblegateway.com,04/12/2017,01/09/2018,0
OP-473-49376,LE-386-37428,SP-4o9597q4,Filament,"Abernathy, Kovacek and Wolff",ntomainogb@theguardian.com,05/16/2017,10/13/2017,0
OP-014-66354,LE-075-08720,A-9i3568y3,Mark-5,Stiedemann-Keeling,obuzingc@techcrunch.com,07/06/2017,12/12/2017,0
OP-553-52727,LE-899-28267,A-9i3568y3,Mark-5,"Quitzon, Dicki and Brown",lwoodergd@desdev.cn,06/13/2017,12/09/2017,0
OP-708-37094,LE-830-35790,SP-9o2014z5,Frame,Lynch-West,epaddeleyge@wsj.com,06/22/2017,01/14/2018,0
OP-345-06721,LE-563-86968,SP-1j3802q0,Belts,"Rodriguez, Johns and Lebsack",fbradengf@furl.net,05/06/2017,11/25/2017,0
OP-759-95721,LE-734-76137,SP-4o9597q4,Filament,Lueilwitz and Sons,mmccoughangg@mysql.com,06/03/2017,02/19/2018,0
OP-980-79503,LE-407-53539,A-0u7085f0,Mark-10,"Barrows, Powlowski and Goldner",towbrickgh@theguardian.com,05/14/2017,10/30/2017,0
OP-226-07122,LE-373-53730,S-3h9809u2,Software and Drivers,Witting LLC,gfruishgi@foxnews.com,07/09/2017,11/29/2017,0
OP-994-55833,LE-551-06097,A-1s3102u0,Jarvis-5 T,Kuhlman Group,isabeygj@si.edu,07/16/2017,11/16/2017,0
OP-428-14259,LE-245-30679,A-9i3568y3,Mark-5,"Romaguera, Corkery and Hartmann",xfromentgk@mail.ru,05/15/2017,10/06/2017,0
OP-961-51321,LE-866-00194,SP-4o9597q4,Filament,Quigley Inc,dsloragl@craigslist.org,05/24/2017,01/23/2018,0
OP-452-74130,LE-943-68698,SP-4o9597q4,Filament,"Tillman, Runolfsdottir and Ankunding",sattwoodgm@aol.com,03/06/2017,11/22/2017,0
OP-330-14019,LE-650-11055,A-5q8351o1,Jarvis-1 T,Brekke and Sons,nalexsandrovichgn@accuweather.com,07/29/2017,01/26/2018,0
OP-100-13047,LE-604-69525,SP-6x5102j8,Controller Board,Jenkins Inc,rvasiljevicgo@buzzfeed.com,04/10/2017,10/22/2017,0
OP-854-08833,LE-156-79006,A-9o2147a8,Mark-50,Prohaska-Collier,wlawrygp@xrea.com,05/21/2017,01/30/2018,0
OP-825-14358,LE-166-60587,SP-4o9597q4,Filament,Raynor-Fahey,ocookmangq@disqus.com,06/21/2017,01/18/2018,0
OP-062-38310,LE-819-87152,A-9o2147a8,Mark-50,Gottlieb-Douglas,hjanouchgr@foxnews.com,03/09/2017,10/20/2017,0
OP-521-57347,LE-000-83264,SP-6x5102j8,Controller Board,"Torphy, Ernser and McCullough",jvallentings@google.ru,04/19/2017,11/28/2017,0
OP-511-28388,LE-183-49067,A-9i3568y3,Mark-5,Crona-Powlowski,cgodsmarkgt@amazonaws.com,04/20/2017,11/09/2017,0
OP-997-53787,LE-623-94210,A-4r4833h7,Mark-1,Towne LLC,mgeraudelgu@newsvine.com,03/12/2017,01/14/2018,0
OP-237-58513,LE-086-68666,SP-4o9597q4,Filament,Mayer-Wisozk,mfollettgv@unesco.org,04/27/2017,12/10/2017,0
OP-156-54513,LE-201-33508,A-5q8351o1,Jarvis-1 T,Smith-Renner,btomankowskigw@intel.com,05/01/2017,01/19/2018,0
OP-988-36510,LE-419-51220,SP-4o9597q4,Filament,Romaguera-Nicolas,drouthamgx@businesswire.com,04/23/2017,12/02/2017,0
OP-209-76093,LE-150-37665,SP-6x5102j8,Controller Board,Ondricka-Franecki,bveljesgy@netvibes.com,05/15/2017,01/17/2018,0
OP-683-87318,LE-156-92415,A-0u7085f0,Mark-10,Stokes and Sons,pagronskigz@goo.gl,07/20/2017,11/04/2017,0
OP-469-09619,LE-223-81686,A-9o2147a8,Mark-50,Langworth LLC,fbelkh0@acquirethisname.com,03/15/2017,11/13/2017,0
OP-226-49366,LE-437-17382,A-0u7085f0,Mark-10,Yundt-Blick,dsarfassh1@chron.com,05/17/2017,02/26/2018,0
OP-245-98328,LE-415-57376,SP-7g2488r5,Print Bed,Treutel Group,fschopsh2@fotki.com,07/11/2017,01/09/2018,0
OP-535-08820,LE-231-68551,SP-6x5102j8,Controller Board,"Harvey, Lubowitz and Hoeger",htimmesh3@chronoengine.com,03/02/2017,11/23/2017,0
OP-731-77720,LE-743-17964,A-0u7085f0,Mark-10,Barrows-Okuneva,efaringtonh4@hibu.com,05/15/2017,11/13/2017,0
OP-081-52450,LE-011-62888,SP-6x5102j8,Controller Board,Will Group,rweedonh5@ask.com,07/28/2017,01/11/2018,0
OP-804-79608,LE-409-22193,A-9o2147a8,Mark-50,"Waters, Medhurst and Hudson",lmanieh6@cbc.ca,04/15/2017,01/01/2018,0
OP-463-66890,LE-757-76725,SP-4o9597q4,Filament,Jenkins-Dickens,dyelloph7@bbc.co.uk,03/12/2017,01/26/2018,0
OP-030-35344,LE-695-35049,SP-7g2488r5,Print Bed,Batz-Schimmel,ltowndrowh8@ameblo.jp,05/23/2017,11/23/2017,0
OP-068-66934,LE-595-67836,A-0u7085f0,Mark-10,Emard-Wisoky,urainsdonh9@cmu.edu,05/23/2017,10/04/2017,0
OP-987-42397,LE-464-14131,S-3h9809u2,Software and Drivers,Abshire-Kris,sburganeha@wunderground.com,06/14/2017,02/09/2018,0
OP-763-76867,LE-387-02170,SP-1j3802q0,Belts,"Wisoky, Gerhold and Spencer",cfriberghb@icio.us,06/26/2017,01/17/2018,0
OP-965-19892,LE-461-93585,SP-4o9597q4,Filament,"Walker, Sauer and Windler",rvasilikhc@samsung.com,06/11/2017,02/05/2018,0
OP-816-34888,LE-208-06517,A-4r4833h7,Mark-1,Crooks and Sons,fcowburnhd@a8.net,05/14/2017,02/26/2018,0
OP-336-90052,LE-448-90173,A-9i3568y3,Mark-5,Nader Inc,rleeburnhe@sciencedaily.com,04/01/2017,02/04/2018,0
OP-755-92841,LE-553-92847,A-1s3102u0,Jarvis-5 T,Gorczany Group,cflaonierhf@businesswire.com,03/09/2017,12/04/2017,0
OP-774-42988,LE-169-67148,SP-6x5102j8,Controller Board,Abernathy-Shields,dhaddonhg@youtu.be,07/30/2017,10/12/2017,0
OP-924-97080,LE-016-15676,SP-1j3802q0,Belts,Marks-Bernier,mbegginihh@answers.com,06/06/2017,10/22/2017,0
OP-644-24609,LE-581-56107,A-4r4833h7,Mark-1,"Krajcik, VonRueden and Hirthe",cbelitzhi@gravatar.com,03/04/2017,11/28/2017,0
OP-679-61334,LE-903-08987,A-1s3102u0,Jarvis-5 T,Leffler Group,cledwichhj@pbs.org,05/08/2017,12/20/2017,0
OP-171-00695,LE-783-93800,A-9o2147a8,Mark-50,Botsford Group,bfinbyhk@barnesandnoble.com,07/02/2017,01/11/2018,0
OP-235-00674,LE-628-75865,A-9i3568y3,Mark-5,Miller-Russel,rlocknerhl@bloglines.com,04/05/2017,02/23/2018,0
OP-393-85820,LE-969-58380,SP-9o2014z5,Frame,Morissette and Sons,ssummerleyhm@chronoengine.com,05/07/2017,01/30/2018,0
OP-369-73415,LE-662-00702,SP-4o9597q4,Filament,Koepp and Sons,dharrismithhn@reference.com,04/20/2017,01/31/2018,0
OP-833-35121,LE-636-31360,A-1s3102u0,Jarvis-5 T,Wisoky-Gerlach,sjurisho@clickbank.net,05/17/2017,01/30/2018,0
OP-270-41627,LE-929-58954,A-0u7085f0,Mark-10,Brakus Group,cstobbiehp@salon.com,05/20/2017,02/24/2018,0
OP-573-01134,LE-377-37646,SP-9o2014z5,Frame,Olson-Jenkins,rdanielyhq@biglobe.ne.jp,04/06/2017,02/04/2018,0
OP-776-29785,LE-296-44229,SP-1j3802q0,Belts,"Stark, Lang and Schmeler",cdanetthr@timesonline.co.uk,06/17/2017,12/28/2017,0
OP-737-74306,LE-516-43223,A-9i3568y3,Mark-5,Ratke Inc,mtrumperhs@netscape.com,06/06/2017,12/27/2017,0
OP-817-92698,LE-080-45653,S-3h9809u2,Software and Drivers,Nolan-King,lmorriesonht@angelfire.com,03/07/2017,02/17/2018,0
OP-362-77530,LE-889-53066,SP-1j3802q0,Belts,"Upton, Herzog and O'Hara",febertzhu@360.cn,03/05/2017,11/20/2017,0
OP-707-47933,LE-219-17909,A-0u7085f0,Mark-10,Wintheiser-Heller,rmccrostiehv@gnu.org,05/23/2017,10/01/2017,0
OP-815-70768,LE-398-25763,SP-9o2014z5,Frame,"Nolan, Emmerich and Gusikowski",ddempsterhw@census.gov,03/24/2017,11/10/2017,0
OP-789-93389,LE-634-00703,A-1s3102u0,Jarvis-5 T,"Lakin, Spinka and O'Conner",fduckethx@joomla.org,06/18/2017,11/11/2017,0
OP-137-90690,LE-483-97007,SP-1j3802q0,Belts,McDermott Inc,lblaxelandhy@accuweather.com,06/21/2017,10/29/2017,0
OP-860-72437,LE-910-76822,SP-4o9597q4,Filament,"Abernathy, Mills and Huels",vvosehz@apache.org,04/13/2017,12/06/2017,0
OP-120-32437,LE-901-34997,A-4r4833h7,Mark-1,Schroeder Inc,jmccurti0@ucoz.ru,03/05/2017,10/31/2017,0
OP-310-00014,LE-414-81161,SP-1j3802q0,Belts,"Herman, Yost and Abbott",rsnowdoni1@ucoz.com,04/21/2017,01/05/2018,0
OP-011-43737,LE-702-81734,A-4r4833h7,Mark-1,McCullough Inc,emorey0@list-manage.com,06/26/2017,12/10/2017,0
OP-279-30125,LE-690-91186,SP-7g2488r5,Software and Drivers,Weber Group,rperott1@imgur.com,05/13/2017,11/08/2017,0
OP-203-55633,LE-400-77952,SP-9o2014z5,Mark-1,O'Keefe LLC,cdumini2@rambler.ru,04/03/2017,11/06/2017,0
OP-076-26653,LE-398-56426,SP-1j3802q0,Mark-50,"McDermott, Bahringer and Gislason",bcastellaccio3@ucsd.edu,03/20/2017,11/08/2017,0
OP-152-53990,LE-959-51733,A-9o2147a8,Software and Drivers,Wehner Inc,kbehagg4@xing.com,07/01/2017,10/25/2017,0
OP-635-61570,LE-589-79039,A-9i3568y3,Mark-1,Feil Group,lbevens5@ucsd.edu,05/28/2017,01/31/2018,0
OP-205-04422,LE-298-36350,A-4r4833h7,Jarvis-1 T,Ernser and Sons,nlukasik6@vimeo.com,07/19/2017,01/07/2018,0
OP-298-08635,LE-516-37300,SP-1j3802q0,Mark-50,"Bogisich, Langosh and Walter",waddy7@weebly.com,04/09/2017,11/16/2017,0
OP-831-87812,LE-987-35806,A-4r4833h7,Mark-50,Marvin-Keebler,lbendle8@blogs.com,05/02/2017,02/02/2018,0
OP-524-24192,LE-307-70531,A-4r4833h7,Software and Drivers,Homenick Group,urumgay9@istockphoto.com,05/06/2017,02/17/2018,0
OP-065-41107,LE-560-23718,SP-1j3802q0,Jarvis-5 T,Boyer-Frami,jgalpina@lycos.com,04/16/2017,01/03/2018,0
OP-181-44924,LE-825-45870,A-9o2147a8,Frame,Fay-Lueilwitz,tjandlb@surveymonkey.com,07/26/2017,02/10/2018,0
OP-961-55095,LE-132-78423,A-9o2147a8,Jarvis-1 T,"O'Kon, Hackett and Legros",clicencec@nasa.gov,05/14/2017,12/13/2017,0
OP-318-70211,LE-066-74177,SP-4o9597q4,Belts,Emmerich-Smitham,drohlfsd@forbes.com,05/22/2017,12/27/2017,0
OP-209-39998,LE-321-45487,SP-7g2488r5,Jarvis-1 T,Mertz-Huels,mbushere@com.com,03/23/2017,01/10/2018,0
OP-825-92962,LE-057-63387,SP-7g2488r5,Mark-50,Lockman Inc,crubinlichtf@discuz.net,06/28/2017,11/19/2017,0
OP-003-97120,LE-256-27891,A-9o2147a8,Mark-5,"Stoltenberg, Pacocha and Brekke",adeavesg@fastcompany.com,05/18/2017,10/10/2017,0
OP-840-46718,LE-526-60571,A-0u7085f0,Print Bed,"Hane, Feeney and Herzog",mmarlowh@nydailynews.com,06/06/2017,12/22/2017,0
OP-714-07798,LE-751-31446,A-9o2147a8,Filament,Larson LLC,rcarmonti@google.fr,03/12/2017,02/08/2018,0
OP-995-42582,LE-224-34615,SP-6x5102j8,Mark-1,Fisher LLC,ksnelgrovej@jalbum.net,05/22/2017,10/11/2017,0
OP-447-32979,LE-655-25612,A-5q8351o1,Mark-10,"Grady, Kuphal and Kessler",cbucherk@google.ca,03/25/2017,11/30/2017,0
OP-565-87480,LE-695-75265,A-0u7085f0,Mark-50,Fisher-Bartoletti,dtumilityl@amazon.de,04/29/2017,12/28/2017,0
OP-815-11060,LE-494-59334,SP-4o9597q4,Belts,Ortiz LLC,wbelshamm@squidoo.com,04/21/2017,01/09/2018,0
OP-612-20568,LE-329-06357,A-4r4833h7,Filament,Moen-Kuvalis,emackereln@ucoz.ru,07/31/2017,12/30/2017,0
OP-180-81284,LE-360-88879,SP-4o9597q4,Print Bed,"Mills, Bernier and Nienow",fdegregorioo@sohu.com,03/19/2017,10/01/2017,0
OP-375-84752,LE-651-72576,A-4r4833h7,Filament,"Mayert, Heidenreich and Von",agoodhallp@sun.com,07/08/2017,12/21/2017,0
OP-272-51966,LE-025-97724,SP-9o2014z5,Mark-50,Kautzer-Ferry,rvalderq@clickbank.net,06/15/2017,12/30/2017,0
OP-261-24240,LE-265-92752,SP-4o9597q4,Mark-5,Hyatt LLC,adominichellir@buzzfeed.com,06/16/2017,10/31/2017,0
OP-562-05696,LE-192-26098,A-1s3102u0,Mark-10,"Rogahn, Gottlieb and Bernier",jlivingstons@wikispaces.com,04/06/2017,01/20/2018,0
OP-385-52413,LE-774-48655,A-4r4833h7,Print Bed,Kuhlman LLC,ageekiet@buzzfeed.com,07/11/2017,10/30/2017,0
OP-689-70236,LE-065-09061,SP-7g2488r5,Print Bed,Veum-Kunze,sdobbinsu@unc.edu,04/16/2017,10/23/2017,0
OP-950-69815,LE-813-54130,SP-7g2488r5,Controller Board,"Bashirian, Nader and Johnston",dhalloranv@ca.gov,05/17/2017,01/23/2018,0
OP-558-24223,LE-629-53959,SP-6x5102j8,Mark-5,"Breitenberg, Bednar and Mitchell",escourfieldw@homestead.com,03/05/2017,10/08/2017,0
OP-286-69911,LE-910-55196,A-9o2147a8,Frame,Kirlin and Sons,fbernotx@icq.com,06/27/2017,11/28/2017,0
OP-453-63890,LE-255-27844,A-1s3102u0,Belts,Luettgen-Cruickshank,btremmely@state.gov,06/10/2017,02/14/2018,0
OP-727-88195,LE-410-93296,A-1s3102u0,Mark-50,"Runolfsdottir, Lind and Roberts",lmuxworthyz@ifeng.com,07/02/2017,10/04/2017,0
OP-912-31634,LE-556-42093,A-9i3568y3,Jarvis-1 T,Quitzon-Blanda,vtheseira10@1und1.de,04/26/2017,12/17/2017,0
OP-643-60879,LE-677-44756,SP-4o9597q4,Controller Board,Hand Inc,jbynold11@ox.ac.uk,03/04/2017,01/12/2018,0
OP-265-38259,LE-319-63538,A-4r4833h7,Software and Drivers,Hane Inc,sbanasevich12@elpais.com,07/17/2017,10/26/2017,0
OP-190-19180,LE-970-39694,SP-9o2014z5,Mark-5,Shanahan-Senger,eaddlestone13@prweb.com,05/11/2017,01/12/2018,0
OP-766-90276,LE-367-09564,S-3h9809u2,Filament,"Mayert, Mills and Langosh",cprothero14@virginia.edu,06/17/2017,10/30/2017,0
OP-745-58615,LE-512-98997,A-1s3102u0,Jarvis-5 T,"Botsford, Nolan and Pouros",acostard15@booking.com,06/02/2017,12/30/2017,0
OP-624-03534,LE-041-71798,SP-7g2488r5,Controller Board,"Cruickshank, Bauch and Cummings",bhoulston16@360.cn,05/24/2017,10/26/2017,0
OP-192-13979,LE-377-00882,A-5q8351o1,Mark-10,Muller-O'Reilly,ssutherden17@nytimes.com,03/26/2017,12/25/2017,0
OP-930-97175,LE-126-87124,SP-4o9597q4,Mark-10,"Koelpin, Prosacco and Donnelly",sseakin18@squarespace.com,07/19/2017,10/30/2017,0
OP-439-02818,LE-833-81620,A-9i3568y3,Mark-50,Jaskolski-Kulas,aclapshaw19@ow.ly,03/28/2017,02/03/2018,0
OP-235-12455,LE-415-85343,A-0u7085f0,Belts,Schimmel-DuBuque,dleythley1a@redcross.org,05/16/2017,12/22/2017,0
OP-201-28784,LE-961-69935,A-4r4833h7,Frame,"Weimann, Anderson and Collins",mhickenbottom1b@guardian.co.uk,04/20/2017,12/02/2017,0
OP-825-54479,LE-304-17458,SP-7g2488r5,Belts,Bergnaum Inc,npayze1c@cpanel.net,04/03/2017,01/06/2018,0
OP-674-45732,LE-556-30750,A-5q8351o1,Controller Board,Bergnaum and Sons,mduchart1d@tuttocitta.it,06/13/2017,02/16/2018,0
OP-100-13279,LE-562-99524,SP-9o2014z5,Mark-1,"Hauck, Cormier and Schuster",rorwin1e@salon.com,07/08/2017,10/31/2017,0
OP-120-12830,LE-518-77388,SP-9o2014z5,Mark-5,O'Hara Group,khuyton1f@cyberchimps.com,05/16/2017,11/24/2017,0
OP-493-39091,LE-587-72947,SP-9o2014z5,Frame,"Cummings, Marks and Durgan",egough1g@slate.com,07/22/2017,11/02/2017,0
OP-973-55773,LE-351-78573,SP-6x5102j8,Controller Board,"Williamson, Jast and Mueller",hwiggin1h@cam.ac.uk,05/04/2017,12/11/2017,0
OP-994-05016,LE-134-82144,A-9o2147a8,Controller Board,Trantow-Conn,ldomesday1i@businesswire.com,04/02/2017,12/16/2017,0
OP-694-13452,LE-537-69092,SP-7g2488r5,Belts,Collier LLC,drosin1j@infoseek.co.jp,07/19/2017,12/05/2017,0
OP-722-22067,LE-495-69673,SP-1j3802q0,Mark-5,Bednar Inc,mprice1k@army.mil,07/25/2017,12/25/2017,0
OP-513-83506,LE-178-81050,S-3h9809u2,Belts,Heathcote Inc,kdinnis1l@csmonitor.com,06/18/2017,02/16/2018,0
OP-479-54252,LE-686-28591,A-9o2147a8,Filament,Lemke-Tromp,scutchee1m@symantec.com,05/18/2017,02/06/2018,0
OP-752-02093,LE-046-98191,A-4r4833h7,Mark-1,Cruickshank Inc,bposnett1n@google.com,06/19/2017,02/14/2018,0
OP-267-62625,LE-089-20688,A-9o2147a8,Mark-10,Schaefer-Rolfson,ablockley1o@prweb.com,03/12/2017,11/26/2017,0
OP-838-42415,LE-368-93842,A-5q8351o1,Mark-50,"Kuhic, Monahan and Champlin",dwylam1p@microsoft.com,06/27/2017,10/09/2017,0
OP-627-75777,LE-827-36911,SP-9o2014z5,Filament,"Kling, Kuhic and O'Hara",nscandred1q@ustream.tv,06/08/2017,12/09/2017,0
OP-082-35040,LE-722-18098,SP-1j3802q0,Mark-10,Kub LLC,icottam1r@wired.com,05/21/2017,01/20/2018,0
OP-356-84695,LE-998-52556,SP-7g2488r5,Frame,Runolfsdottir-Walker,njoll1s@forbes.com,04/08/2017,12/08/2017,0
OP-020-21824,LE-315-42628,A-1s3102u0,Mark-50,"Walker, Zulauf and White",mbenediktovich1t@ox.ac.uk,03/21/2017,12/08/2017,0
OP-367-34104,LE-254-07077,A-1s3102u0,Mark-1,Bechtelar-Jacobs,rpithie1u@webs.com,06/04/2017,01/18/2018,0
OP-425-80567,LE-645-25413,A-9i3568y3,Frame,Batz-Kling,hservice1v@godaddy.com,06/25/2017,10/07/2017,0
OP-979-40423,LE-889-61693,A-4r4833h7,Mark-1,"Kessler, Goodwin and Keebler",aloveitt1w@abc.net.au,06/16/2017,10/12/2017,0
OP-234-04636,LE-194-22405,S-3h9809u2,Frame,"Runolfsson, Lesch and Kuhic",sroiz1x@japanpost.jp,04/23/2017,11/03/2017,0
OP-019-70312,LE-134-47870,A-0u7085f0,Frame,"Halvorson, Connelly and Fadel",aroxby1y@sbwire.com,07/04/2017,01/29/2018,0
OP-642-99032,LE-180-04021,A-1s3102u0,Mark-10,Ferry Group,bklaiser1z@ning.com,05/17/2017,02/23/2018,0
OP-827-94804,LE-645-10331,A-1s3102u0,Mark-5,"Yost, Parker and Sauer",rhearns20@nbcnews.com,04/24/2017,12/11/2017,0
OP-314-60654,LE-057-96441,SP-9o2014z5,Mark-1,"Stracke, Lebsack and Emard",fhousaman21@miitbeian.gov.cn,06/01/2017,10/12/2017,0
OP-111-13913,LE-076-21001,SP-9o2014z5,Mark-1,Heidenreich-Dooley,rtickner22@blogtalkradio.com,04/29/2017,10/29/2017,0
OP-344-33157,LE-460-06722,A-9i3568y3,Belts,Morissette-Zulauf,dskullet23@youtu.be,05/03/2017,11/10/2017,0
OP-808-30421,LE-868-33121,A-9i3568y3,Mark-50,Howell-Deckow,mbrockwell24@prlog.org,04/06/2017,02/04/2018,0
OP-249-52053,LE-104-32164,SP-4o9597q4,Frame,Oberbrunner Group,fhruska25@irs.gov,07/11/2017,12/27/2017,0
OP-543-35453,LE-239-90358,A-4r4833h7,Mark-5,Pfannerstill-Braun,jdomingues26@marriott.com,06/06/2017,10/13/2017,0
OP-541-10245,LE-469-59479,A-1s3102u0,Jarvis-5 T,Robel-Robel,tborborough27@homestead.com,07/27/2017,10/29/2017,0
OP-909-64447,LE-012-20878,SP-7g2488r5,Jarvis-1 T,Lind Inc,zstroobant28@behance.net,05/15/2017,10/21/2017,0
OP-928-27801,LE-009-76905,A-9i3568y3,Controller Board,"Hirthe, Stark and Littel",kdoll29@nbcnews.com,06/10/2017,11/04/2017,0
OP-813-81551,LE-483-10822,SP-6x5102j8,Jarvis-1 T,"Dietrich, Jacobs and Hammes",fallam2a@mac.com,06/24/2017,01/05/2018,0
OP-792-81636,LE-051-39367,A-4r4833h7,Frame,Dicki-Dietrich,ymeco2b@smh.com.au,06/07/2017,11/01/2017,0
OP-892-92173,LE-416-39543,A-9o2147a8,Filament,"Weimann, VonRueden and Watsica",tbatchley2c@nifty.com,07/13/2017,01/31/2018,0
OP-152-03234,LE-331-35438,SP-6x5102j8,Jarvis-5 T,Legros-Abshire,avernall2d@spiegel.de,03/29/2017,11/17/2017,0
OP-574-51589,LE-209-42965,SP-9o2014z5,Controller Board,Kirlin-Aufderhar,abischop2e@ezinearticles.com,06/07/2017,01/10/2018,0
OP-610-38895,LE-824-95954,SP-6x5102j8,Mark-1,"Dicki, Heidenreich and O'Kon",drulf2f@chronoengine.com,04/29/2017,02/07/2018,0
OP-843-41394,LE-444-11276,A-0u7085f0,Mark-1,Koepp-Leuschke,pwohler2g@typepad.com,03/22/2017,12/02/2017,0
OP-738-42018,LE-700-40813,SP-4o9597q4,Belts,"Stamm, Hammes and Wiza",jflowith2h@list-manage.com,05/11/2017,01/08/2018,0
OP-502-39312,LE-119-05257,A-0u7085f0,Mark-5,Gulgowski-Mitchell,lglewe2i@squidoo.com,05/29/2017,12/31/2017,0
OP-127-62624,LE-942-25867,SP-9o2014z5,Software and Drivers,"Walker, Hyatt and Kuhn",hcharnley2j@furl.net,03/08/2017,01/28/2018,0
OP-539-27654,LE-062-87114,SP-6x5102j8,Filament,Powlowski and Sons,ibartholin2k@imgur.com,05/25/2017,12/02/2017,0
OP-105-74517,LE-795-72576,SP-4o9597q4,Mark-1,Powlowski-Kemmer,chabben2l@twitpic.com,07/31/2017,02/25/2018,0
OP-361-20382,LE-938-56507,A-0u7085f0,Mark-5,Lesch-Dicki,lposen2m@ask.com,06/24/2017,12/06/2017,0
OP-397-11493,LE-909-14822,SP-4o9597q4,Jarvis-1 T,Erdman Inc,cmorphey2n@cisco.com,06/17/2017,10/11/2017,0
OP-433-92418,LE-890-72720,A-5q8351o1,Frame,"Okuneva, Considine and Schulist",dmaccome2o@blogtalkradio.com,03/23/2017,10/20/2017,0
OP-088-41818,LE-508-73133,A-9i3568y3,Print Bed,Collins Group,nlivingstone2p@exblog.jp,05/09/2017,02/28/2018,0
OP-403-67098,LE-028-37434,S-3h9809u2,Mark-1,Lang-Gleason,ncorbet2q@harvard.edu,06/15/2017,01/03/2018,0
OP-606-14050,LE-107-73711,SP-9o2014z5,Mark-1,Bruen-Kerluke,isawyers2r@mit.edu,03/02/2017,11/12/2017,0
OP-424-18470,LE-307-15966,A-0u7085f0,Mark-10,"Nikolaus, Brown and Harris",ifellis2s@blog.com,03/12/2017,12/10/2017,0
OP-668-77665,LE-950-06615,S-3h9809u2,Mark-50,Mosciski Inc,vbraybrook2t@myspace.com,04/09/2017,12/18/2017,0
OP-431-74121,LE-839-33738,A-5q8351o1,Controller Board,"Klocko, Ledner and Rogahn",strudgion2u@chicagotribune.com,04/23/2017,10/25/2017,0
OP-536-11987,LE-351-80809,A-5q8351o1,Print Bed,Gutmann-Cronin,dgrigaut2v@g.co,05/06/2017,11/18/2017,0
OP-989-71380,LE-000-20818,A-5q8351o1,Print Bed,Lehner and Sons,roloinn2w@technorati.com,07/21/2017,10/18/2017,0
OP-670-05909,LE-611-50027,SP-6x5102j8,Mark-5,"Miller, Schowalter and Mills",mwickling2x@phoca.cz,04/28/2017,10/18/2017,0
OP-853-00050,LE-129-21473,SP-6x5102j8,Controller Board,Kunde-Leannon,mkhalid2y@ftc.gov,03/01/2017,02/10/2018,0
OP-225-74592,LE-185-79206,S-3h9809u2,Controller Board,Hansen-Keeling,aambrogio2z@answers.com,05/17/2017,01/25/2018,0
OP-903-85331,LE-732-58001,A-4r4833h7,Jarvis-1 T,Wiegand-Gulgowski,trymour30@dailymotion.com,05/02/2017,02/14/2018,0
OP-654-67926,LE-282-56710,SP-6x5102j8,Mark-5,Littel Group,cadie31@over-blog.com,06/03/2017,10/13/2017,0
OP-670-40271,LE-996-04121,A-9i3568y3,Jarvis-5 T,"Borer, Bernier and Kuhn",bbarwell32@adobe.com,03/29/2017,11/24/2017,0
OP-358-27920,LE-559-37237,SP-6x5102j8,Controller Board,"Feil, Wunsch and Trantow",dsnar33@fastcompany.com,03/12/2017,12/06/2017,0
OP-795-26520,LE-454-59500,SP-4o9597q4,Controller Board,Torphy-Daugherty,vhatchette34@feedburner.com,05/20/2017,01/17/2018,0
OP-139-21838,LE-846-49002,A-9i3568y3,Software and Drivers,Bradtke-Zemlak,limmer35@slideshare.net,04/29/2017,01/28/2018,0
OP-153-97482,LE-892-43299,A-0u7085f0,Belts,Cormier-Feil,rforty36@slate.com,04/05/2017,12/08/2017,0
OP-695-12420,LE-907-66256,SP-7g2488r5,Print Bed,Ledner LLC,dbabcock37@weebly.com,07/24/2017,02/10/2018,0
OP-294-41817,LE-323-48206,A-0u7085f0,Controller Board,Schamberger Group,amartinello38@domainmarket.com,05/05/2017,12/16/2017,0
OP-777-41900,LE-052-70264,SP-6x5102j8,Jarvis-1 T,Stark-Mueller,veastup39@issuu.com,03/18/2017,10/31/2017,0
OP-986-41306,LE-580-36508,S-3h9809u2,Mark-5,Krajcik LLC,lgodsal3a@yahoo.co.jp,05/23/2017,11/10/2017,0
OP-980-01273,LE-937-55686,SP-6x5102j8,Mark-1,Huels Group,gchatan3b@vinaora.com,06/09/2017,01/23/2018,0
OP-181-70167,LE-913-01019,A-1s3102u0,Filament,Jacobi LLC,aodoherty3c@ucoz.ru,07/01/2017,01/16/2018,0
OP-616-53759,LE-931-51479,SP-6x5102j8,Mark-50,Fisher LLC,ssiddele3d@cbc.ca,03/07/2017,12/30/2017,0
OP-408-01584,LE-363-75725,SP-9o2014z5,Software and Drivers,Wehner Group,lfort3e@blog.com,05/30/2017,10/25/2017,0
OP-887-81411,LE-725-30685,A-1s3102u0,Print Bed,"Mertz, Kozey and Kemmer",dassaf3f@samsung.com,07/02/2017,02/05/2018,0
OP-130-87014,LE-279-81490,A-0u7085f0,Mark-1,Schuppe-Weissnat,kvanthoff3g@washington.edu,04/15/2017,01/13/2018,0
OP-929-25768,LE-196-25763,SP-9o2014z5,Frame,"Stroman, Turner and Hermann",rsaynor3h@smugmug.com,07/19/2017,11/24/2017,0
OP-657-63366,LE-316-82318,SP-9o2014z5,Mark-50,"Grant, Becker and Stokes",fkleinhandler3i@hubpages.com,04/14/2017,10/11/2017,0
OP-564-10901,LE-783-67352,A-9o2147a8,Mark-50,Davis Inc,dsherville3j@cdc.gov,06/13/2017,01/09/2018,0
OP-946-53472,LE-676-27277,SP-1j3802q0,Print Bed,"Hayes, Jakubowski and Collins",gjenney3k@skyrock.com,04/08/2017,10/28/2017,0
OP-952-27320,LE-989-78863,A-9i3568y3,Jarvis-5 T,Padberg Group,lfleetham3l@printfriendly.com,04/01/2017,11/07/2017,0
OP-335-27239,LE-010-83248,A-4r4833h7,Mark-50,Willms LLC,dhenryson3m@disqus.com,03/12/2017,10/10/2017,0
OP-597-81670,LE-553-23067,A-1s3102u0,Jarvis-1 T,Harber Group,sgowing3n@shutterfly.com,03/04/2017,01/26/2018,0
OP-044-05818,LE-976-73644,SP-4o9597q4,Belts,"Waters, Bruen and Abshire",mambler3o@amazon.co.jp,04/26/2017,02/12/2018,0
OP-557-57836,LE-920-41273,A-0u7085f0,Controller Board,Jerde-Hamill,bspellworth3p@google.com.br,04/28/2017,10/15/2017,0
OP-248-35083,LE-992-28774,SP-6x5102j8,Controller Board,Haley and Sons,hschroder3q@tuttocitta.it,04/12/2017,02/02/2018,0
OP-203-09114,LE-117-72183,A-9o2147a8,Mark-50,Reynolds LLC,pdummigan3r@typepad.com,06/08/2017,10/03/2017,0
OP-327-77943,LE-462-39252,A-9i3568y3,Filament,"Zboncak, Kuhlman and Moore",abartolomeotti3s@ibm.com,03/18/2017,02/09/2018,0
OP-179-63030,LE-225-11118,A-5q8351o1,Software and Drivers,Blick LLC,wwebben3t@freewebs.com,06/24/2017,11/13/2017,0
OP-720-71265,LE-680-97343,SP-7g2488r5,Mark-5,Welch-Schmitt,jdyerson3u@sfgate.com,07/12/2017,10/10/2017,0
OP-417-16095,LE-237-65888,SP-9o2014z5,Print Bed,"Hessel, Yundt and Larkin",mpitson3v@mac.com,06/18/2017,12/01/2017,0
OP-107-05136,LE-482-12775,S-3h9809u2,Mark-5,Becker-Larkin,imcgrah3w@usgs.gov,06/12/2017,11/30/2017,0
OP-432-74844,LE-873-72580,SP-4o9597q4,Filament,Boyer-Kilback,alacotte3x@epa.gov,04/07/2017,02/21/2018,0
OP-723-47679,LE-315-86803,S-3h9809u2,Controller Board,Hessel and Sons,brobken3y@tinypic.com,05/10/2017,10/02/2017,0
OP-420-83277,LE-032-78905,A-5q8351o1,Controller Board,Dickinson and Sons,cbenner3z@bloglines.com,03/05/2017,01/30/2018,0
OP-543-44621,LE-753-57109,A-9i3568y3,Mark-10,Fadel Group,oformoy40@printfriendly.com,04/13/2017,12/10/2017,0
OP-655-60605,LE-582-28746,A-9i3568y3,Controller Board,"Fritsch, Cruickshank and Kuhn",saddington41@privacy.gov.au,04/19/2017,12/18/2017,0
OP-923-62360,LE-598-44352,A-9i3568y3,Mark-10,Eichmann-Nikolaus,ipennyman42@ucoz.ru,04/19/2017,02/17/2018,0
OP-218-84071,LE-816-84641,A-1s3102u0,Software and Drivers,Cremin Group,dsockell43@meetup.com,03/02/2017,11/24/2017,0
OP-361-12816,LE-863-65347,A-9i3568y3,Frame,"Bauch, Yundt and Kessler",skermitt44@digg.com,05/05/2017,12/10/2017,0
OP-129-22484,LE-775-35556,SP-4o9597q4,Jarvis-5 T,Parisian-Kemmer,mhamley45@amazonaws.com,07/23/2017,11/20/2017,0